-- phpMyAdmin SQL Dump
-- version 4.5.1
-- http://www.phpmyadmin.net
--
-- Host: 127.0.0.1
-- Generation Time: Jul 29, 2017 at 04:56 PM
-- Server version: 10.1.16-MariaDB
-- PHP Version: 5.6.24

SET SQL_MODE = "NO_AUTO_VALUE_ON_ZERO";
SET time_zone = "+00:00";


/*!40101 SET @OLD_CHARACTER_SET_CLIENT=@@CHARACTER_SET_CLIENT */;
/*!40101 SET @OLD_CHARACTER_SET_RESULTS=@@CHARACTER_SET_RESULTS */;
/*!40101 SET @OLD_COLLATION_CONNECTION=@@COLLATION_CONNECTION */;
/*!40101 SET NAMES utf8mb4 */;

--
-- Database: `backup_student_profile_comp`
--

-- --------------------------------------------------------

--
-- Table structure for table `admin_details`
--

CREATE TABLE `admin_details` (
  `username` varchar(20) NOT NULL,
  `password` varchar(20) NOT NULL,
  `Email_id` varchar(50) NOT NULL,
  `phone_no` int(10) NOT NULL
) ENGINE=InnoDB DEFAULT CHARSET=latin1;

--
-- Dumping data for table `admin_details`
--

INSERT INTO `admin_details` (`username`, `password`, `Email_id`, `phone_no`) VALUES
('admin_comp', 'comp1234', 'admin@gmail.com', 9999999);

-- --------------------------------------------------------

--
-- Table structure for table `course`
--

CREATE TABLE `course` (
  `Department` varchar(10) NOT NULL,
  `Sem` varchar(5) NOT NULL,
  `Subject_code` varchar(15) NOT NULL,
  `Subject_name` varchar(50) NOT NULL,
  `Subject_shortname` varchar(6) NOT NULL,
  `Year` varchar(2) NOT NULL
) ENGINE=InnoDB DEFAULT CHARSET=latin1;

--
-- Dumping data for table `course`
--

INSERT INTO `course` (`Department`, `Sem`, `Subject_code`, `Subject_name`, `Subject_shortname`, `Year`) VALUES
('Computer', '6', 'CPC601', 'System Programming and Compiler Construction', 'SPCC', 'TE'),
('Computer', '6', 'CPC602', 'Software Engineering', 'SE', 'TE'),
('COMPS', '6', 'CPC603', 'Distributed Database', 'DDB', 'TE'),
('Computer', '6', 'CPC604', 'Mobile Communication and Computing', 'MCC', 'TE'),
('Computer', '8', 'CPC801', 'Data Warehouse and Mining', 'DWM', 'BE'),
('Computer', '8', 'CPC802', 'Human Machine Interaction', 'HMI', 'BE'),
('Computer', '8', 'CPC803', 'Parallel and distributed Systems', 'PDS', 'BE'),
('Computer', '6', 'CPE6012', 'Software Project Management', 'PM', 'TE'),
('Computer', '8', 'CPE8034 ', 'Digital Forensics', 'DF', 'BE'),
('Computer', '8', 'CPE8035 ', ' Big Data Analytics', 'BDA', 'BE'),
('Computer', '4', 'CSC401', 'Applied Mathematics IV', 'AM-4', 'SE'),
('Computer', '4', 'CSC402', 'Analysis of Algorithms', 'AOA', 'SE'),
('Computer', '4', 'CSC403', 'Computer Organization and Architecture', 'COA', 'SE'),
('Computer', '4', 'CSC404', 'Data Base Management systems', 'DBMS', 'SE'),
('Computer', '4', 'CSC405', 'Theoretical Computer Science', 'TCS', 'SE'),
('Computer', '4', 'CSC406', 'Computer Graphics', 'CG', 'SE');

-- --------------------------------------------------------

--
-- Table structure for table `coursemapping`
--

CREATE TABLE `coursemapping` (
  `Sdrn` varchar(8) NOT NULL,
  `Subject_code` varchar(15) NOT NULL,
  `Year` varchar(2) NOT NULL,
  `Division` varchar(1) NOT NULL,
  `Lec_count` int(11) NOT NULL
) ENGINE=InnoDB DEFAULT CHARSET=latin1;

--
-- Dumping data for table `coursemapping`
--

INSERT INTO `coursemapping` (`Sdrn`, `Subject_code`, `Year`, `Division`, `Lec_count`) VALUES
('150', 'CPC601', 'TE', 'B', 0),
('197', 'CPC802', 'BE', 'A', 21),
('197', 'CPE6012', 'TE', 'A', 16),
('295', 'CSC405', 'SE', 'C', 21),
('374', 'CPC602', 'TE', 'C', 20),
('374', 'CPC802', 'BE', 'B', 20),
('393', 'CPC803', 'BE', 'B', 18),
('407', 'CPE8035 ', 'BE', 'A', 16),
('407', 'CSC404', 'SE', 'C', 17),
('411', 'CPC603', 'TE', 'A', 22),
('482', 'CSC405', 'SE', 'A', 31),
('528', 'CPC602', 'TE', 'A', 19),
('528', 'CSC404', 'SE', 'B', 16),
('566', 'CPC603', 'TE', 'B', 28),
('566', 'CPC801', 'BE', 'B', 24),
('576', 'CPE8034 ', 'BE', 'B', 25),
('583', 'CSC403', 'SE', 'C', 22),
('583', 'CSC405', 'SE', 'B', 16),
('587', 'CPC803', 'BE', 'A', 20),
('593', 'CPC604', 'TE', 'A', 18),
('593', 'CPC604', 'TE', 'C', 24),
('601', 'CPC801', 'BE', 'A', 19),
('601', 'CSC406', 'SE', 'A', 23),
('603', 'CSC402', 'SE', 'A', 20),
('609', 'CSC406', 'SE', 'C', 20),
('615', 'CSC401', 'SE', 'B', 23),
('615', 'CSC401', 'SE', 'C', 22),
('618', 'CPC603', 'TE', 'C', 22),
('631', 'CSC403', 'SE', 'A', 31),
('638', 'CPC601', 'TE', 'A', 33),
('638', 'CSC403', 'SE', 'B', 12),
('650', 'CPC604', 'TE', 'B', 15),
('650', 'CSC406', 'SE', 'B', 17),
('672', 'CPC602', 'TE', 'B', 18),
('677', 'CSC402', 'SE', 'B', 28),
('687', 'CSC402', 'SE', 'C', 24),
('687', 'CSC404', 'SE', 'A', 29),
('693', 'CSC401', 'SE', 'A', 21),
('699', 'CPE6012', 'TE', 'B', 22),
('700', 'CPE6012', 'TE', 'C', 21),
('722', 'CPC601', 'TE', 'C', 22);

-- --------------------------------------------------------

--
-- Table structure for table `faculty`
--

CREATE TABLE `faculty` (
  `Sdrn` varchar(8) NOT NULL,
  `First_name` varchar(20) NOT NULL,
  `Middle_name` varchar(20) DEFAULT NULL,
  `Last_name` varchar(20) DEFAULT NULL,
  `DOB` date NOT NULL,
  `Department` varchar(10) NOT NULL,
  `Contact_no` bigint(10) NOT NULL,
  `Addr` varchar(200) NOT NULL,
  `Email` varchar(50) NOT NULL,
  `Doj` date NOT NULL,
  `Qualification` varchar(50) NOT NULL,
  `Desig` varchar(30) NOT NULL,
  `Password` varchar(20) NOT NULL,
  `OTP` varchar(20) DEFAULT NULL
) ENGINE=InnoDB DEFAULT CHARSET=latin1;

--
-- Dumping data for table `faculty`
--

INSERT INTO `faculty` (`Sdrn`, `First_name`, `Middle_name`, `Last_name`, `DOB`, `Department`, `Contact_no`, `Addr`, `Email`, `Doj`, `Qualification`, `Desig`, `Password`, `OTP`) VALUES
('001', 'anu', 'b', 'sin', '2016-02-05', 'COMP', 9773245981, 'rait', 'sinha.anurag67@gmail.com', '2016-02-25', 'phd', 'ap', 'Anurag1234', 'NULL'),
('150', 'Leena', '', 'Ragha', '2016-07-10', 'COMP', 22222, '', '', '2016-07-10', '', 'hod', 'LR', NULL),
('197', 'Snehal', '', 'Gaikwad', '0000-00-00', 'COMP', 0, '', 'eattendance2015@gmail.com', '0000-00-00', '', '', 'SG', NULL),
('295', 'Vanita', NULL, 'Mane', '0000-00-00', '', 0, '', '', '0000-00-00', '', '', 'VM', NULL),
('374', 'Aditi', 'Sunil', 'Chhabria', '1984-07-23', 'COMP', 0, '', 'vimlajethani@gmail.com', '2006-07-17', 'M.E. Computers', 'Assistant Professor', 'AC', '362394c6'),
('393', 'Dr. Amarsinh', 'V.', 'Vidhate', '1974-05-21', 'COMP', 9869629072, '', 'vidhate.amarsinh@gmail.com', '0000-00-00', 'Ph.D.(Computer Engineering)', 'Professor', 'AV', NULL),
('396', 'Puja', NULL, 'Padiya', '0000-00-00', '', 0, '', '', '0000-00-00', '', '', 'PP', NULL),
('407', 'Rajshree', NULL, 'Shedge', '0000-00-00', '', 0, '', '', '0000-00-00', '', '', 'RS', NULL),
('411', 'TUSHAR ', 'HINDURAO', 'GHORPADE ', '0000-00-00', '', 9892957458, 'Sector-04,C.B.D Belapur', 'tushar.ghorpade@rait.ac.in', '2008-01-18', 'ME in Computer Engineering', 'Assistant Professor', 'TG', NULL),
('419', 'Sheetal', NULL, 'Ahir', '0000-00-00', '', 0, '', '', '0000-00-00', '', '', 'SA', NULL),
('482', 'Smita', '', 'Patil', '0000-00-00', 'COMP', 0, '', 'smitapatilbe@gmail.com', '2016-07-09', '', '', 'SP', 'e464529e'),
('528', 'Swarupa', NULL, 'Bodhe', '0000-00-00', '', 0, '', '', '0000-00-00', '', '', 'SB', NULL),
('566', 'Pramod', 'Jagannath', 'Bide', '1989-01-25', 'COMP', 8898248582, '', 'pramod.bide@gmail.com', '2012-08-16', 'M.E', 'AP', 'Jjrsea2@', 'NULL'),
('576', 'Smita', 'dinesh', 'Bharne', '1982-06-14', 'COMP', 7738651278, 'airoli', 'smita146@gmail.com', '2012-09-13', 'M.Tech', 'Assistant Professor', 'SB', NULL),
('583', 'Snehal', NULL, 'Mumbailkar', '0000-00-00', '', 0, '', '', '0000-00-00', '', '', 'SM', NULL),
('587', 'Trupti', NULL, 'Patil', '0000-00-00', '', 0, '', '', '0000-00-00', '', '', 'TP', NULL),
('593', 'Prathmesh', '', 'Gungjur', '1988-10-18', 'COMP', 9768460075, '', '', '2013-01-24', 'M.E', 'Lecturer', 'PG', NULL),
('601', 'Kriti', '', 'Karnam', '0000-00-00', 'COMP', 8655680123, '', 'kriti.karanam@rait.ac.in', '0000-00-00', 'B.E.,Mtech', 'Assistant Professor', 'Kriti123', 'e7fa430d'),
('603', 'Harsha', '', 'Saxena', '1990-11-06', 'COMP', 8767934850, '404 FRASER RIVERDALE VISTA KALYAN WEST', 'harsha.asthana90@gmail.com', '2013-07-01', 'mtech', 'assistant proffesor', 'HS', 'a41c4774'),
('609', 'Nazia', '', 'S', '1982-01-02', 'COMP', 0, '', 'nazia.s@rait.ac.in', '2013-07-08', 'M.Tech', 'Asst Professor', 'N', NULL),
('615', 'Shilpa', 'Tushar', 'Bhangale', '1976-07-27', 'CE', 9167855233, 'RAIT', 'stbhangale27@gmail.com', '2013-07-15', 'MPHIL- SET', 'assistant professor', 'stb', NULL),
('618', 'Rubi', NULL, 'Mandal', '0000-00-00', '', 0, '', '', '0000-00-00', '', '', 'RM', NULL),
('631', 'Savita', 'Kiran', 'Sawant', '1983-12-15', 'COMP', 9987597491, 'C/73, Mulund Shree Nagraj CHS, Gavanpada Road, Mulund- East, Mum- 400081', 'sawardekarsavita@gmail.com', '2016-01-02', 'M.Tech in Computer Engg', 'Assistant Professor', 'savita', 'd2367116'),
('638', 'Ekta', NULL, 'Sarda', '0000-00-00', '', 0, '', '', '0000-00-00', '', '', 'ES', NULL),
('650', 'Bhavana', 'Bhimsen', 'Turorikar', '1983-07-03', 'CE', 9226783014, 'RAIT', 'bhavana.turorikar@gmail.com', '2014-08-07', 'ME(Computer Networks)', 'assistant professor', 'bhavana', NULL),
('672', 'Pallavi', NULL, 'Chitte', '0000-00-00', '', 0, '', '', '0000-00-00', '', '', 'PC', NULL),
('677', 'kamlesh', 'lekhraj', 'nenwani', '1987-04-04', 'CE', 9028013726, 'RAIT', 'nenwani.kamlesh@gmail', '2014-08-01', 'M.E.', 'Lecturer', 'a', NULL),
('687', 'Sumithra', '', 'T.V', '0000-00-00', 'COMP', 0, '', '', '0000-00-00', 'M.TECH', '', 'ST', NULL),
('693', 'vishvas', 'hasuram', 'patil', '1986-01-15', 'CE', 8450919887, 'RAIT', 'vishvaspatil6205@gmail.com', '2015-07-01', 'M.sc.', 'Lewcturer', '8450919887', NULL),
('699', 'Preet', NULL, 'Kaur', '0000-00-00', '', 0, '', '', '0000-00-00', '', '', 'PK', NULL),
('700', 'Pranali', 'Mohan', 'Yadav', '1990-12-18', 'CE', 8879007061, 'New Panvel', 'pranali1819@gmail.com', '2015-06-15', 'BE, ME (persuing)', 'Teaching Assistant', 'PY', NULL),
('722', 'Nilambari', NULL, 'Kulkarni', '0000-00-00', '', 0, '', '', '0000-00-00', '', '', 'NK', NULL),
('999', 'a', 'a', 'a', '0000-00-00', 'INSTR', 0, 'a', 'a@g.com', '0000-00-00', 'a', 'a', 'a', 'dd867ff4'),
('abc', 'sf', 'f', 'h', '2016-01-07', 'CE', 8765544, 'rait', 'eattendance2015@gmail.com', '2016-01-12', 'ME pursuing', 'ap', '1234', '1225dbb4');

-- --------------------------------------------------------

--
-- Table structure for table `fe_educational_details`
--

CREATE TABLE `fe_educational_details` (
  `roll_no` varchar(8) NOT NULL,
  `batch` varchar(10) NOT NULL,
  `name` varchar(200) NOT NULL,
  `branch` varchar(50) NOT NULL,
  `hsc_phy` int(3) NOT NULL,
  `hsc_chem` int(3) NOT NULL,
  `hsc_math` int(3) NOT NULL,
  `hsc_pcm` int(3) NOT NULL,
  `hsc_total` int(3) NOT NULL,
  `hsc_pcm_outof` int(3) NOT NULL,
  `hsc_tot_outof` int(3) NOT NULL,
  `hsc_per` float NOT NULL,
  `ssc_maths` int(3) NOT NULL,
  `ssc_total` int(3) NOT NULL,
  `ssc_maths_outof` int(3) NOT NULL,
  `ssc_tot_outof` int(3) NOT NULL,
  `ssc_per` float NOT NULL,
  `board_district` varchar(100) NOT NULL,
  `vocational_course` varchar(100) NOT NULL,
  `composite_score` float NOT NULL,
  `mothertongue` varchar(100) NOT NULL,
  `admission_year` int(4) NOT NULL DEFAULT '2015'
) ENGINE=InnoDB DEFAULT CHARSET=latin1;

--
-- Dumping data for table `fe_educational_details`
--

INSERT INTO `fe_educational_details` (`roll_no`, `batch`, `name`, `branch`, `hsc_phy`, `hsc_chem`, `hsc_math`, `hsc_pcm`, `hsc_total`, `hsc_pcm_outof`, `hsc_tot_outof`, `hsc_per`, `ssc_maths`, `ssc_total`, `ssc_maths_outof`, `ssc_tot_outof`, `ssc_per`, `board_district`, `vocational_course`, `composite_score`, `mothertongue`, `admission_year`) VALUES
('00CE0000', '', '', '', 90, 90, 90, 90, 90, 90, 90, 90, 90, 90, 90, 90, 90, '90', '90', 90, '', 2015),
('10ce1000', '', '', '', 90, 90, 90, 90, 90, 90, 90, 90, 90, 90, 90, 90, 90, '90', '90', 90, '', 2015),
('15CE1001', 'A2', 'GAURI VENKATACHALAPATHI LAKSHMI', 'C', 81, 73, 88, 242, 551, 300, 650, 84.77, 145, 522, 150, 550, 94.91, 'Thane', 'Computer Science', 93.3057, 'TAMIL', 2015),
('15CE1002', 'B2', 'RASKAR NIKHIL SATISH SHOBHA', 'C', 64, 58, 81, 203, 478, 300, 650, 73.54, 117, 463, 150, 500, 92.6, 'Kolhpur', 'Electronics', 83.6422, 'MARATHI', 2015),
('15CE1003', 'B1', 'PAWAR NIKHIL PARAG KUMUDINI', 'C', 69, 63, 98, 230, 531, 300, 650, 81.7, 141, 521, 150, 550, 94.73, 'Thane', 'Computer Science', 94.6986, 'MARATHI', 2015),
('15CE1004', 'A1', 'CHAFAL RAMMYA ABHAY KAVITA', 'C', 66, 61, 76, 203, 514, 300, 650, 79.08, 140, 511, 150, 0, 0, 'Nagpur', 'Electronics', 81.5, 'MALAYALAM', 2015),
('15CE1005', 'B2', 'RAMTEKE SANCHIT JITENDRA MRUNAL', 'C', 86, 59, 83, 228, 538, 300, 650, 82.77, 138, 501, 150, 550, 91.1, 'Nagpur', 'Electronics', 77.4207, 'MARATHI', 2015),
('15CE1006', 'A2', 'GHARE CHINMAY VILAS ASHA', 'C', 64, 68, 87, 219, 532, 300, 650, 81.85, 92, 548, 100, 0, 0, 'Thane', 'Computer Science', 93.1189, 'MARATHI', 2015),
('15CE1007', 'A2', 'GARUDE DIGANT PRAMOD', 'C', 86, 66, 83, 235, 536, 300, 650, 82.47, 126, 461, 150, 550, 83.82, 'Raigad', 'Computer Science', 86.1714, 'MARATHI', 2015),
('15CE1008', 'B3', 'TIPARE PRADNYA GIRISH KAVITA', 'C', 76, 73, 85, 234, 522, 300, 650, 80.31, 138, 448, 150, 550, 81.46, 'Thane', '', 90.62, 'MARATHI', 2015),
('15CE1009', 'A3', 'KURUP MAYUR PREMKUMAR RAJASHRI', 'C', 74, 80, 66, 220, 543, 300, 650, 83.54, 135, 499, 150, 550, 90.73, 'Thane', 'Computer Science', 94.01, 'marathi', 2015),
('15CE1010', 'A1', 'AHER UTKARSH VIJAYKUMAR DEEPALI', 'C', 68, 85, 65, 218, 362, 300, 500, 72.4, 81, 418, 100, 500, 83.6, 'Surat', '', 62.85, 'MARATHI', 2015),
('15CE1011', 'B2', 'SAGARE ASMITA ANIL MADHURI', 'C', 77, 78, 87, 242, 534, 300, 650, 82.16, 133, 494, 150, 550, 89.82, 'Raigad', '', 85.6445, 'MARATHI', 2015),
('15CE1012', 'B1', 'PATIL NIKITESH RAJESH REKHA', 'C', 69, 69, 77, 215, 470, 300, 650, 72.31, 135, 500, 150, 550, 90.91, 'Nashik', 'Electronics', 69.4057, 'MARATHI', 2015),
('15CE1013', 'B2', 'SHINDE PRIYANKA TUKARAM SUREKHA', 'C', 69, 78, 77, 224, 495, 300, 650, 76.16, 121, 476, 150, 550, 86.55, 'Nandurbar', '', 82.9873, 'MARATHI', 2015),
('15CE1014', 'B1', 'NADEKAR PRATIKSHA RAMESH SANGEETA', 'C', 42, 50, 45, 137, 362, 300, 650, 55.7, 82, 357, 150, 500, 71.4, 'Thane', '', 39.8469, 'MARATHI', 2015),
('15CE1015', 'B1', 'PANDHRE TANVI SANGRAM SAVITA', 'C', 85, 78, 93, 256, 553, 300, 650, 85.08, 97, 472, 100, 500, 94.4, 'Thane', 'Electrical Maintenance', 92.6216, 'MARATHI', 2015),
('15CE1016', 'A3', 'MAHALE KIRTI BHAGWAN MEENA', 'C', 75, 74, 94, 243, 524, 300, 650, 80.62, 127, 453, 150, 0, 0, 'Thane', '', 90.39, 'MARATHI', 2015),
('15CE1017', 'B2', 'SAHU SUMIT PRASADI GAYATRI', 'C', 85, 77, 80, 242, 495, 300, 650, 76.16, 123, 454, 150, 550, 82.55, 'Thane', '', 93.7088, 'HINDI', 2015),
('15CE1018', 'A1', 'BHAT SUJAY SUHAS SUNITA', 'C', 81, 78, 83, 242, 504, 300, 650, 77.54, 145, 512, 150, 550, 93.1, 'Thane', 'Electrical Maintenance', 93.7088, 'KONKANI', 2015),
('15CE1019', 'A2', 'GAIKWAD NIKITA RAMESH SUJATA', 'C', 68, 59, 59, 186, 455, 300, 650, 70, 116, 465, 150, 550, 84.55, 'Thane', 'Computer Science', 51.7033, 'marathi', 2015),
('15CE1020', 'B3', 'TATKARE AKSHATA DATTARAM VARSHA', 'C', 52, 60, 61, 173, 449, 300, 650, 69.08, 119, 446, 150, 500, 89.2, 'Mumbai-City', '', 53.9007, 'MARATHI', 2015),
('15CE1021', 'A3', 'MATE JANAVI LAXMAN', 'C', 62, 57, 68, 187, 478, 300, 650, 73.54, 134, 523, 150, 550, 95.1, 'Thane', 'Computer Science', 72.4138, 'marathi', 2015),
('15CE1022', 'B1', 'PANDIT MANASI RAMESH SUNANDA', 'C', 75, 84, 89, 248, 432, 300, 500, 86.4, 91, 459, 100, 500, 91.8, 'Raigad', '', 86.4053, 'MARATHI', 2015),
('15CE1023', 'A2', 'JOSHI TANAY VINAYAKA KANCHAN', 'C', 71, 61, 75, 207, 491, 300, 650, 75.54, 130, 491, 150, 550, 89.28, 'Thane', 'Computer Science', 92.8733, 'marathi', 2015),
('15CE1024', 'A2', 'GAIKWAD KEDAR DEEPAK JYOTI', 'C', 75, 73, 84, 232, 517, 300, 650, 79.54, 131, 462, 150, 550, 84, 'Thane', 'Computer Science', 88.4626, 'marathi', 2015),
('15CE1025', 'A1', 'BAPAT CHAITANYA AVINASH RADHIKA', 'C', 85, 76, 90, 251, 583, 300, 650, 89.7, 0, 0, 150, 0, 0, 'Thane', 'Computer Science', 0, 'marathi', 2015),
('15CE1026', 'A3', 'KUMARE SHREYAS PRABHAKAR', 'C', 52, 52, 56, 160, 454, 300, 650, 69.85, 132, 470, 150, 550, 85.46, 'Thane', 'Electronics', 46.3863, 'MARATHI', 2015),
('15CE1027', 'B2', 'SAINGER AASTHA RAJIV USHA', 'C', 94, 95, 95, 284, 467, 300, 500, 93.4, 100, 476, 100, 500, 95.2, 'Raigad', '', 93.3337, 'HINDI', 2015),
('15CE1028', 'A3', 'MAHAJAN DUSHYANT UDHAV PRATIBHA', 'C', 58, 59, 57, 174, 447, 300, 650, 68.77, 128, 457, 150, 550, 83.1, 'Pune', 'Electronics', 78.4588, 'marathi', 2015),
('15CE1029', 'B3', 'WAGHRALKAR SAMIDHA GOVIND SONALI', 'C', 91, 80, 86, 257, 563, 300, 650, 86.62, 98, 474, 100, 500, 94.8, 'Thane', 'Computer Science', 94.2239, 'MARATHI', 2015),
('15CE1030', 'B3', 'SHINGADE VARSHA SURESH ALKA', 'C', 67, 65, 74, 206, 487, 300, 650, 74.93, 125, 467, 150, 550, 84.91, 'Mumbai-City', '', 87.8152, 'MARATHI', 2015),
('15CE1031', 'B1', 'PATIL YUGALEE VIJAY RUPAM', 'C', 71, 73, 93, 237, 513, 300, 650, 78.93, 94, 562, 150, 550, 102.19, 'Thane', 'Computer Science', 91.3496, 'marathi', 2015),
('15CE1032', 'A1', 'AGRAWAL AYUSHI RAJESH SUNITA', 'C', 85, 81, 84, 250, 562, 300, 650, 86.47, 136, 489, 150, 550, 88.91, 'Thane', 'Computer Science', 93.5722, 'HINDI', 2015),
('15CE1033', 'A1', 'BHURE VAIBHAV MANOHAR VANDANA', 'C', 95, 95, 98, 288, 467, 300, 500, 93.4, 84, 427, 100, 500, 85.4, 'Mumbai-City', '', 89.12, 'MARATHI', 2015),
('15CE1034', 'B3', 'SUPE NEHA NARENDRA HARSHITA', 'C', 76, 71, 85, 232, 567, 300, 650, 87.24, 146, 522, 150, 550, 94.91, 'Thane', 'Electrical Maintenance', 90.7473, 'MARATHI', 2015),
('15CE1035', 'B2', 'PILLAI ANANDU SASIKUMAR ANU', 'C', 84, 85, 83, 252, 433, 300, 500, 86.6, 99, 479, 100, 500, 95.8, 'Nagpur', '', 87.8683, 'MALAYALAM', 2015),
('15CE1036', 'A2', 'GORE SHUBHAM CHANDRASHEKHAR CHARUSHEELA', 'C', 89, 87, 87, 263, 568, 300, 650, 87.39, 142, 516, 150, 550, 93.82, 'Thane', 'Computer Science', 0, 'marathi', 2015),
('15CE1037', 'B3', 'THAOKAR ADITYA MUKUND VIDYA', 'C', 74, 70, 81, 225, 518, 300, 650, 79.7, 135, 502, 150, 550, 91.28, 'Bhandara', '', 78.6175, 'MARATHI', 2015),
('15CE1038', 'A3', 'KATRE DHANESH DATTATRAYA DEEPALI', 'C', 85, 82, 91, 258, 576, 300, 650, 88.62, 132, 503, 150, 550, 91.46, 'Thane', 'Computer Science', 93.2951, 'MARATHI', 2015),
('15CE1039', 'B1', 'PATIL PRATIK RAMESH RUCHITA', 'C', 76, 71, 71, 218, 528, 300, 650, 81.24, 134, 511, 150, 550, 92.91, 'Thane', 'Computer Science', 87.6286, 'MARATHI', 2015),
('15CE1040', 'B2', 'SHERKAR SAKSHI RAMAKANT RAJANI', 'C', 75, 68, 82, 225, 541, 300, 650, 83.24, 144, 496, 150, 550, 90.19, 'Amravati', 'Electrical Maintenance', 80.5743, 'MARATHI', 2015),
('15CE1041', 'A3', 'KOLTE CHETAN SURESH VARSHA', 'C', 83, 59, 75, 217, 483, 300, 650, 74.31, 91, 439, 100, 500, 87.8, 'Nashik', 'Electronics', 85.4256, 'MARATHI', 2015),
('15CE1042', 'A3', 'MAHAWARKAR KALIDAS BALAJI PUSHPA', 'C', 62, 56, 59, 177, 495, 300, 650, 76.16, 141, 510, 150, 550, 92.73, 'Latur', 'Electronics', 79.783, 'MARATHI', 2015),
('15CE1043', 'A1', 'BIRADAR VAIBHAV BALAJIRAO NAMRATA', 'C', 77, 86, 84, 247, 557, 300, 650, 85.7, 92, 555, 100, 625, 88.8, 'Ahmednagar', 'Electronics', 80.36, 'MARATHI', 2015),
('15CE1044', 'B1', 'PATIL ROHIT RAJESH RUTUJA', 'C', 89, 95, 95, 279, 459, 300, 500, 91.8, 94, 476, 100, 500, 95.2, 'Raigad', '', 92.6704, 'MARATHI', 2015),
('15CE1045', 'A1', 'BHOLE HEMESH HEMANTKUMAR MANISHA', 'C', 84, 68, 89, 241, 498, 300, 650, 76.62, 146, 496, 150, 550, 90.19, 'Mumbai-City', '', 91.632, 'MARATHI', 2015),
('15CE1046', 'B2', 'SABLE PRITAM SURESH JYOTI', 'C', 85, 93, 82, 260, 433, 300, 500, 86.6, 97, 464, 100, 500, 92.8, 'Thane', '', 87.2486, 'MARATHI', 2015),
('15CE1047', 'A2', 'GUPTA DEEP DEBASISH PRATIMA', 'C', 87, 89, 88, 264, 579, 300, 650, 89.08, 137, 486, 150, 550, 88.37, 'Raigad', 'Computer Science', 0, 'bengali', 2015),
('15CE1048', 'B3', 'THAKUR JUILEE RAMESH MANJUSHA', 'C', 78, 83, 76, 237, 529, 300, 650, 81.39, 138, 506, 150, 550, 92, 'Raigad', 'Electronics', 91.89, 'MARATHI', 2015),
('15CE1049', 'B2', 'PRABHU ANUJ NITIN VARSHA', 'C', 80, 88, 94, 262, 566, 300, 650, 87.08, 136, 518, 150, 550, 94.19, 'Thane', 'Electrical Maintenance', 74.8063, 'MARATHI', 2015),
('15CE1050', 'A2', 'GAUD SONU PRASAD JATA SHANKAR NIRMALADEVI', 'C', 72, 75, 89, 236, 514, 300, 650, 79.08, 138, 476, 150, 550, 86.55, 'Thane', 'Electronics', 93.7902, 'HINDI', 2015),
('15CE1051', 'B2', 'PUNDE ABHISHEK AVINASH SEEMA', 'C', 86, 64, 96, 246, 525, 300, 650, 80.77, 142, 493, 150, 550, 89.64, 'Thane', '', 94.4548, 'MARATHI', 2015),
('15CE1052', 'A2', 'JANKAR NAGESH LAXMAN SAVITRI', 'C', 64, 61, 66, 191, 484, 300, 650, 74.47, 125, 448, 150, 550, 81.46, 'Mumbai-City', 'Computer Science', 78.7549, 'MARATHI', 2015),
('15CE1053', 'A3', 'LADDHA SANKET SUNIL ANITA', 'C', 57, 77, 87, 221, 482, 300, 650, 74.16, 128, 492, 150, 550, 89.46, 'Jalgaon', '', 88.0386, 'HINDI', 2015),
('15CE1054', 'A3', 'KHANDELWAL HARSH SURESH BABEETA', 'C', 63, 68, 94, 225, 522, 300, 650, 80.31, 135, 492, 150, 550, 89.46, 'Akola', 'Computer Science', 83.0972, 'HINDI', 2015),
('15CE1055', 'A3', 'KUCKIAN CHETAN SHEKHAR LALITHA', 'C', 85, 76, 94, 255, 581, 300, 650, 89.39, 148, 502, 150, 550, 91.28, 'Mumbai-City', 'Computer Science', 95.8368, 'TULU', 2015),
('15CE1056', 'A2', 'JADHAV DIPESH RAVINDRA VANDANA', 'C', 75, 64, 88, 227, 514, 300, 650, 79.08, 93, 458, 100, 500, 91.6, 'Thane', '', 89.5396, 'MARATHI', 2015),
('15CE1057', 'B3', 'SHIRUDE SUSHANT PRAMOD SEEMA', 'C', 82, 75, 92, 249, 554, 300, 650, 85.24, 135, 497, 150, 550, 90.37, 'Jalgaon', '', 93.7165, 'MARATHI', 2015),
('15CE1058', 'B2', 'SHETTY ABHISHEK PRASHANT VEDAVATHI', 'C', 88, 76, 86, 250, 544, 300, 650, 83.7, 133, 492, 150, 550, 89.46, 'Mumbai-City', 'Computer Science', 93.4187, 'TULU', 2015),
('15CE1059', 'A3', 'KAKDE PALLAVI BHAURAO MADHURI', 'C', 62, 63, 69, 194, 466, 300, 650, 71.7, 81, 413, 100, 500, 82.6, 'Pune', 'Electronics', 60.146, 'MARATHI', 2015),
('15CE1060', 'A1', 'DHAKE MONALI KAILASH REKHA', 'C', 75, 63, 87, 225, 471, 300, 650, 72.47, 139, 505, 150, 550, 91.82, 'Thane', '', 89.3256, 'marathi', 2015),
('15CE1061', 'B1', 'PATANGE HARSHADA RAGHUNATH SUGANDHA', 'C', 80, 69, 83, 232, 493, 300, 650, 75.85, 141, 508, 150, 550, 92.37, 'Thane', 'Computer Science', 86.8323, 'MARATHI', 2015),
('15CE1062', 'A1', 'CHAVAN PRANAY RANGALAL SUNITA', 'C', 63, 62, 67, 192, 463, 300, 650, 71.24, 137, 502, 150, 550, 91.28, 'Thane', '', 64.1831, 'MARATHI', 2015),
('15CE1063', 'B1', 'PARKAR AKSHAY KAMLAKAR KANCHAN', 'C', 91, 89, 93, 273, 597, 300, 650, 91.85, 138, 516, 150, 550, 93.82, 'Mumbai-City', 'Computer Science', 93.9256, 'MARATHI', 2015),
('15CE1064', 'B2', 'SHINDE SHAILESH SATISH MANISHA', 'C', 77, 56, 70, 203, 495, 300, 650, 76.16, 137, 512, 150, 550, 93.1, 'Latur', 'Electronics', 82.4162, 'MARATHI', 2015),
('15CE1065', 'B3', 'VADALI SURYA ROHIT VENKATARAMAMURTHY LAKSHMI', 'C', 60, 62, 93, 215, 535, 300, 650, 82.31, 145, 514, 150, 550, 93.46, 'Mumbai-City', 'Computer Science', 0, 'TELUGU', 2015),
('15CE1066', 'A2', 'GITE APURVA NARAYAN VAISHALI', 'C', 77, 84, 72, 233, 551, 300, 650, 84.77, 96, 559, 100, 550, 101.64, 'Mumbai-City', '', 82.1974, 'MARATHI', 2015),
('15CE1067', 'A1', 'BHURBUDA HARSHAD NARAYAN MADHURI', 'C', 61, 44, 49, 154, 409, 300, 650, 62.93, 131, 462, 150, 550, 84, 'Thane', '', 69.2701, 'MARATHI', 2015),
('15CE1068', 'A2', 'JADHAV KRUSHANAPAL ULHAS SUNITA', 'C', 39, 37, 38, 142, 348, 300, 650, 53.54, 115, 411, 150, 550, 74.73, 'Nanded', 'Computer Science', 17.2336, 'MARATHI', 2015),
('15CE1069', 'B1', 'PATIL PIYUSH SURESH SANGEETA', 'C', 84, 87, 87, 258, 537, 300, 650, 82.62, 140, 511, 150, 550, 92.91, 'Thane', 'Electronics', 90.291, 'marathi', 2015),
('15CE1070', 'A1', 'CHOUDHARY SUJIT SIMANCHAL PUSHPANJALI', 'C', 92, 77, 94, 263, 536, 300, 650, 82.47, 107, 397, 150, 550, 72.19, 'Mumbai-City', '', 94.452, 'oriya', 2015),
('15CE1071', 'B3', 'WAVHULE KUNAL SANJAY PORNIMA', 'C', 47, 49, 48, 154, 351, 300, 650, 54, 60, 315, 150, 500, 63, 'Parbhani', 'Computer Science', 46.4443, 'marathi', 2015),
('15CE1072', 'B1', 'NIKAM ANKUR SHIVAJI MAHANANDA', 'C', 89, 76, 82, 247, 529, 300, 650, 81.39, 127, 431, 150, 550, 78.37, 'Thane', '', 92.9384, 'marathi', 2015),
('15CE1073', 'B2', 'SHARMA PRASHANT ANIL SARITA', 'C', 89, 77, 99, 265, 493, 300, 650, 75.85, 138, 509, 150, 550, 92.55, 'Thane', '', 92.77, 'HINDI', 2015),
('15CE1074', 'A3', 'KAMAT CHINMAY SHAILESH SUPRIYA', 'C', 88, 79, 99, 266, 576, 300, 650, 88.62, 146, 528, 150, 550, 96, 'Thane', 'Computer Science', 0, 'MARATHI', 2015),
('15CE1075', 'A3', 'KHEDEKAR VIRAJ VIKAS VINITA', 'C', 79, 76, 85, 240, 563, 300, 650, 86.62, 139, 504, 150, 550, 91.64, 'Thane', 'Computer Science', 0, 'marathi', 2015),
('15CE1076', 'A3', 'KARPURAPU    MEHER JYOTHI   RAVI KUMAR  VIJAYA', 'C', 93, 93, 95, 281, 469, 300, 500, 93.8, 91, 466, 100, 500, 93.2, 'Raigad', 'Computer Science', 92.7451, 'telugu', 2015),
('15CE1077', 'B1', 'NAYAK NEHAL PRAFULLA MAMTA', 'C', 91, 78, 97, 266, 566, 300, 650, 87.08, 94, 459, 100, 500, 91.8, 'Mumbai-City', 'Electronics', 92.3, 'ORRIYA', 2015),
('15CE1078', 'B1', 'MISHRA DHEERAJ HAUSHILA SUMITRA', 'C', 88, 85, 97, 270, 568, 300, 650, 87.39, 94, 553, 100, 550, 100.55, 'Thane', '', 95.3, 'HINDI', 2015),
('15CE1079', 'B2', 'POOJARY HARSHITA DOOJA JALAJA', 'C', 86, 63, 90, 239, 547, 300, 650, 84.16, 135, 486, 150, 550, 88.37, 'Mumbai-City', '', 0, 'KANNADA', 2015),
('15CE1080', 'A3', 'LAGHANE SHIVANI RAMNATH NANDINI', 'C', 75, 73, 81, 229, 517, 300, 650, 79.54, 88, 450, 100, 500, 90, 'Aurangabad', '', 82.2868, 'MARATHI', 2015),
('15CE1081', 'B1', 'MESHRAM SHRIYA SUDHAKAR USHA', 'C', 76, 94, 86, 256, 435, 300, 500, 87, 98, 484, 100, 500, 96.8, 'Thane', 'Computer Science', 87.1416, 'MARATHI', 2015),
('15CE1082', 'A1', 'AMBEKAR SOHAM PRASAD DARSHANI', 'C', 69, 79, 79, 227, 528, 300, 650, 81.24, 88, 704, 100, 800, 88, 'Nashik', '', 90.8278, 'MARATHI', 2015),
('15CE1083', 'A1', 'CHAVAN SAHIL RAJENDRA POOJA', 'C', 86, 72, 96, 254, 569, 300, 650, 87.54, 93, 433, 100, 500, 86.6, 'Mumbai-City', 'Electrical Maintenance', 0, 'MARATHI', 2015),
('15CE1084', 'A1', 'ADEP SNEHA RAMPRASAD LATA', 'C', 79, 80, 88, 247, 538, 300, 650, 82.77, 140, 492, 150, 550, 89.46, 'Thane', '', 93.25, 'telugu', 2015),
('15CE1085', 'B1', 'PATIL DEEPTI MAHESH SONALI', 'C', 74, 77, 97, 248, 528, 300, 650, 81.24, 140, 513, 150, 550, 93.28, 'Thane', '', 90.6827, 'MARATHI', 2015),
('15CE1086', 'B1', 'PATIL NACHIKET AVINASH DARSHANA', 'C', 75, 82, 91, 248, 561, 300, 650, 86.31, 141, 515, 150, 550, 93.64, 'Thane', 'Computer Science', 92.2396, 'MARATHI', 2015),
('15CE1087', 'A3', 'KADAM VINIT DATTATRAY SUREKHA', 'C', 87, 85, 99, 271, 591, 300, 650, 90.93, 140, 505, 150, 550, 91.82, 'Thane', 'Computer Science', 95.665, 'MARATHI', 2015),
('15CE1088', 'A2', 'GHARGE SHALAKA ANNASAHEB VIDDHULATA', 'C', 83, 81, 88, 252, 557, 300, 650, 85.7, 146, 526, 150, 550, 95.64, 'Rajgarh', 'Electronics', 90.8891, 'MARATHI', 2015),
('15CE1089', 'A2', 'GUPTA VISHESH PRAVESH ALPANA', 'C', 88, 95, 95, 278, 455, 300, 500, 91, 87, 448, 100, 500, 89.6, 'Raigad', 'Computer Science', 0, 'HINDI', 2015),
('15CE1090', 'A2', 'JAIN MONIL SHANTILAL MAMTA', 'C', 90, 95, 92, 277, 441, 300, 500, 88.2, 95, 455, 100, 500, 91, 'Thane', '', 93.0531, 'HINDI', 2015),
('15CE1091', 'B3', 'TICKOO AVANTIKA ANIL ANUPMA', 'C', 85, 95, 68, 248, 423, 300, 500, 84.6, 85, 490, 85, 490, 100, 'New Delhi', '', 0, 'kashmiri', 2015),
('15CE1092', 'B3', 'YADAV SANDIP KUMAR RAJNATH RADHA', 'C', 90, 75, 80, 245, 520, 300, 650, 80, 133, 492, 150, 550, 89.46, 'Thane', '', 0, 'HINDI', 2015),
('15CE1093', 'B1', 'MUNDE NAVED SHABBIR NEENAZ', 'C', 82, 67, 85, 234, 554, 300, 650, 85.24, 91, 469, 91, 469, 100, 'Thane', 'Computer Science', 0, 'HINDI', 2015),
('15CE1094', 'B2', 'SHARMA SHUBHAM PRATAP PRATIBHA', 'C', 75, 81, 85, 241, 550, 300, 650, 84.62, 134, 485, 134, 485, 100, 'Mumbai-City', 'Computer Science', 0, 'PAHARI', 2015),
('15CE1095', 'B2', 'PENDHARI SAHIL ISMAIL NILOFER', 'C', 88, 93, 93, 274, 443, 300, 500, 88.6, 81, 403, 81, 403, 100, 'Raigad', 'Computer Science', 0, 'MARATHI', 2015),
('15CE1096', 'B2', 'SHETTY AAKASH MAHESH SEEMA', 'C', 65, 58, 63, 186, 439, 300, 650, 67.54, 97, 461, 97, 461, 100, 'Thane', 'Computer Science', 0, 'kannada', 2015),
('15CE1097', 'A2', 'JAIN TANUJ MANISH SARIKA', 'C', 74, 77, 79, 230, 460, 300, 650, 70.77, 129, 483, 129, 483, 100, 'Thane', '', 0, 'hindi', 2015),
('15CE1098', 'B3', 'YADAV RISHIKESH SUNIL DEEPALI', 'C', 78, 84, 93, 255, 437, 300, 500, 87.4, 0, 0, 0, 0, 0, 'Raigad', '', 0, 'MARATHI', 2015),
('15CE1099', 'B1', 'DHALE RAKESH HEMANT ADIKA', 'C', 85, 95, 80, 260, 447, 300, 500, 89.4, 92, 438, 92, 438, 100, 'Raigad', 'Computer Science', 0, 'MARATHI', 2015),
('15CE1100', 'A1', 'ANSARI MOHAMMED MAAZ MOHAMMED SUFIYAN', 'C', 76, 78, 95, 249, 545, 300, 650, 83.85, 124, 443, 124, 443, 100, 'Thane', 'Computer Science', 0, 'URDU', 2015),
('15CE1101', 'A1', 'PRABHU KUNAL MADHUSUDAN VASANTI', 'C', 80, 85, 91, 256, 549, 300, 650, 84.47, 145, 517, 145, 517, 100, 'Thane', 'Electrical Maintenance', 0, 'MARATHI/KONKANI', 2015),
('15CE1102', 'A1', 'BORICHA HARSHANK RAVINDRA BHARATI', 'C', 70, 68, 71, 209, 427, 300, 650, 65.7, 110, 434, 110, 434, 100, 'Mumbai-City', '', 0, 'GUJURATI', 2015),
('15CE1103', 'A1', 'VYAS SPANDAN MILIND MALLIKA', 'C', 69, 66, 88, 223, 518, 300, 650, 79.7, 95, 457, 95, 457, 100, 'Thane', 'Electrical Maintenance', 0, 'GUJARATI', 2015),
('15CE2001', 'A1', 'DESHPANDE OJAS PRASAD PRACHI', 'C', 62, 60, 33, 155, 270, 300, 500, 54, 119, 461, 119, 461, 100, 'Thane', 'Computer Science', 0, 'marathi', 2015),
('15CE2002', 'A1', 'BAMBA ANIKET HOMI ANU', 'C', 60, 63, 33, 156, 286, 300, 500, 57.2, 64, 328, 64, 328, 100, 'Mumbai-City', '', 0, '', 2015),
('15CE2003', 'B3', 'SRIVASTAVA VATSAL PUSHPENDRA AMITA', 'C', 85, 81, 93, 259, 436, 300, 650, 67.08, 82, 427, 82, 427, 100, 'Raigad', '', 0, 'HINDI', 2015),
('15CE2004', 'A3', 'KIMBAHUNE ATHARVA SANJAY SNEHAL', 'C', 53, 55, 69, 177, 445, 300, 650, 68.47, 133, 485, 133, 485, 100, 'Thane', '', 0, 'HINDI', 2015),
('15CE2005', 'B3', 'VICHARE ADITYA CHANDRASHEKHAR VAISHALI', 'C', 47, 56, 45, 174, 428, 300, 650, 65.85, 93, 365, 93, 365, 100, 'Thane', 'Computer Science', 0, 'MARATHI', 2015),
('15CE2006', 'B1', 'PATIL APOORVA MOHAN SULABHA', 'C', 85, 66, 78, 229, 505, 300, 650, 77.7, 138, 510, 138, 510, 100, 'Mumbai-City', '', 0, 'MARATHI', 2015),
('15CE2007', 'A1', 'BHADANGE ABHISHEK SUNIL MANISHA', 'C', 54, 64, 65, 183, 433, 300, 650, 66.62, 128, 468, 128, 468, 100, 'Mumbai-City', 'Computer Science', 0, '', 2015),
('15CE2008', 'A2', 'GHAN PRANJAL VIVEK SUCHITRA', 'C', 86, 89, 83, 258, 417, 300, 500, 83.4, 91, 440, 91, 440, 100, 'Raigad', 'Computer Science', 0, 'MARATHI', 2015),
('15CE2009', 'B3', 'WADHWA HENNA ANIL GEETA', 'C', 88, 95, 94, 277, 447, 300, 500, 89.4, 0, 0, 0, 0, 0, 'Thane', 'Computer Science', 0, 'PUNJABI', 2015),
('15CE2010', 'B3', 'SHIRKE SOHAM PRASANNA JYOTI', 'C', 50, 57, 54, 161, 417, 300, 650, 64.16, 80, 488, 80, 488, 100, 'Thane', 'Mechanical Maintenance', 0, 'MARATHI', 2015),
('15CE2011', 'A3', 'MAYYA SAIEESH HARISH SUCHITRA', 'C', 65, 70, 51, 186, 330, 300, 500, 66, 83, 396, 83, 396, 100, 'Mumbai-City', 'Computer Science', 0, 'HINDI', 2015),
('15CE2012', 'B1', 'MUGUTRAO PRANALI MAHESH DIPALI', 'C', 66, 58, 66, 190, 463, 300, 650, 71.24, 122, 465, 122, 465, 100, 'Thane', '', 0, 'marathi', 2015),
('15CE2013', 'A3', 'KHADKE SANKET MANGESH PURNIMA', 'C', 62, 52, 79, 193, 439, 300, 650, 67.54, 143, 502, 143, 502, 100, 'Thane', 'Electronics', 0, '', 2015),
('15CE2014', 'B2', 'RANKHAMB SATYAJEET AVINASH', 'C', 66, 84, 55, 205, 383, 300, 650, 58.93, 0, 0, 0, 0, 0, 'Pune', '', 0, 'MARATHI', 2015),
('15CE2015', 'A1', 'CHAUDHARI ADITYA PRADEEP ASMITA', 'C', 72, 69, 67, 208, 0, 300, 650, 0, 137, 504, 137, 504, 100, 'Thane', 'Computer Science', 0, 'MARATHI', 2015),
('15CE2016', 'B3', 'TAWDE VARUN AJAY MADHURA', 'C', 57, 55, 72, 184, 448, 300, 650, 68.93, 141, 485, 141, 485, 100, 'Mumbai-City', 'Computer Science', 0, '', 2015),
('15CE2017', 'A2', 'GUPTA ANMOL ASHISH NEELAM', 'C', 71, 59, 54, 155, 296, 300, 500, 59.2, 83, 438, 83, 438, 100, 'Thane', 'Computer Science', 0, '', 2015),
('15CE2018', 'B3', 'WADJE ASHISH ABAJI KALPANA', 'C', 55, 48, 56, 159, 426, 300, 650, 65.54, 118, 429, 118, 429, 100, 'Thane', 'Computer Science', 0, 'marathi', 2015),
('15CE2019', 'B3', 'SHRIVASTAVA MOHIT MANISH MONIKA', 'C', 54, 51, 49, 154, 318, 300, 650, 48.93, 91, 447, 91, 447, 100, 'Thane', 'Computer Science', 0, 'HINDI', 2015),
('15CE2020', 'B2', 'SHARMA ANUSHKA AVDHNESH UMA', 'C', 39, 39, 50, 159, 369, 300, 650, 56.77, 74, 369, 74, 369, 100, 'Thane', 'Electrical Maintenance', 0, 'HINDI', 2015),
('15CE2021', 'A1', 'BHARDWAJ ANURAG SURAJ ANITA', 'C', 64, 77, 65, 206, 365, 300, 650, 56.16, 0, 0, 0, 0, 0, '', '', 0, 'HINDI', 2015),
('15CE2022', 'A2', 'GUMASTE PRADNYESH AMEYA SMITA', 'C', 67, 70, 48, 185, 361, 300, 500, 72.2, 83, 503, 83, 503, 100, 'Thane', '', 0, 'MARATHI', 2015),
('15CE2023', 'A3', 'KHOPKAR ANUSHREE BIPIN SUJATA', 'C', 58, 58, 61, 177, 474, 300, 650, 72.93, 129, 502, 129, 502, 100, 'Thane', 'Computer Science', 0, 'MARATHI', 2015),
('15CE7001', 'K3', 'PHARANDE YASH SURAJ VAISHALI', 'C', 86, 93, 90, 269, 445, 300, 650, 68.47, 95, 475, 150, 0, 0, 'Thane', 'Computer Science', 87.205, 'Marathi', 2015),
('15CE7002', 'K3', 'PATIL TANVI KRISHNA USHA', 'C', 89, 84, 88, 261, 555, 300, 650, 85.39, 90, 527, 100, 0, 0, 'Thane', '', 85.0799, 'marathi', 2015),
('15CE7003', 'K1', 'CHOUGULE ROHIT RAMESH MANDA', 'C', 48, 50, 48, 168, 395, 300, 650, 60.77, 141, 503, 150, 550, 91.46, 'Thane', '', 62.0274, 'MARATHI', 2015),
('15CE7004', 'K2', 'INDORE KUNAL DILIP NILAM', 'C', 85, 78, 85, 248, 561, 300, 650, 86.31, 134, 481, 150, 550, 87.46, 'Raigad', 'Electronics', 920.24, 'MARATHI', 2015),
('15CE7005', 'K3', 'SINGH VARSHA MANOJ USHA', 'C', 87, 84, 88, 259, 578, 300, 650, 88.93, 137, 499, 150, 550, 90.73, 'Raigad', 'Computer Science', 0, 'HINDI', 2015),
('15CE7006', 'K3', 'SARVAGOD TARAL SANJAY KAVITA', 'C', 81, 62, 77, 220, 506, 300, 650, 77.85, 141, 477, 150, 550, 86.73, 'Thane', 'Computer Science', 80.8, 'MARATHI', 2015),
('15CE7007', 'K2', 'KUMBHAR KUNAL RANGA SADHANA', 'C', 53, 57, 73, 183, 447, 300, 650, 68.77, 109, 409, 150, 550, 74.37, 'Nashik', 'Electrical Maintenance', 69.2455, 'MARATHI', 2015),
('15CE7008', 'K1', 'BARMUKH ANIMESH ANIL NAMRATA', 'C', 73, 68, 88, 229, 535, 300, 650, 82.31, 147, 507, 150, 550, 92.19, 'Thane', 'Computer Science', 91.6078, 'MARATHI', 2015),
('15CE7009', 'K2', 'KANZARIA JEEL CHANU SHARDA', 'C', 76, 71, 79, 226, 537, 300, 650, 82.62, 144, 512, 150, 550, 93.1, 'Thane', 'Computer Science', 92.48, 'GUJARATI', 2015),
('15CE7010', 'K1', 'DHUMAL SNEHAL DATTATRYA NISHA', 'C', 52, 48, 41, 166, 390, 300, 650, 60, 101, 416, 150, 500, 83.2, 'Thane', 'Computer Science', 32.0541, 'MARATHI', 2015),
('15CE7011', 'K1', 'DORAGE SWAPNALI NANASAHEB MANDAKINI', 'C', 57, 66, 76, 199, 456, 300, 650, 70.16, 117, 428, 150, 500, 85.6, 'Thane', '', 66.4984, 'MARATHI', 2015),
('15CE7012', 'K3', 'PATIL GAURI SHRIKANT SHITAL', 'C', 79, 76, 86, 241, 515, 300, 650, 79.24, 144, 492, 150, 550, 89.46, 'Thane', '', 92.5763, 'MARATHI', 2015),
('15CE7013', 'K2', 'KHAIRNAR ASHVIN RAJENDRA VAISHALI', 'C', 72, 70, 76, 218, 485, 300, 650, 74.62, 128, 468, 150, 550, 85.1, 'Thane', 'Electrical Maintenance', 85.857, 'MARATHI', 2015),
('15CE7014', 'K3', 'UPADHYE SAYALI GANESH REKHA', 'C', 79, 72, 86, 237, 555, 300, 650, 85.39, 135, 494, 150, 550, 89.82, 'Thane', 'Computer Science', 92.2939, 'MARATHI', 2015),
('15CE7015', 'K1', 'DHOLAM VAIBHAV RAJARAM', 'C', 89, 68, 86, 243, 528, 300, 650, 81.24, 143, 517, 150, 550, 94, 'Thane', 'Computer Science', 85.7088, 'MARATHI', 2015),
('15CE7016', 'K1', 'CHILWANT ROHIT BHAUSAHEB ASHWINI', 'C', 69, 70, 83, 222, 471, 300, 650, 72.47, 128, 448, 150, 550, 81.46, 'Raigad', 'Computer Science', 81.0578, 'MARATHI', 2015),
('15CE7017', 'K2', 'GAIKAR MRUNAL HARESHWAR MANISHA', 'C', 83, 95, 95, 273, 460, 300, 500, 92, 97, 474, 100, 500, 94.8, 'Thane', 'Computer Science', 0, 'MARATHI', 2015),
('15CE7018', 'K2', 'JAGTAP PREKSHA DIPAK SUNITA', 'C', 65, 61, 50, 176, 434, 300, 650, 66.77, 124, 473, 150, 550, 86, 'Mumbai-City', '', 77.42, 'MARATHI', 2015),
('15CE7019', 'K1', 'BHAGAT SAILY MUKUND SUJATA', 'C', 83, 82, 89, 254, 577, 300, 650, 88.77, 135, 500, 150, 550, 90.91, 'Raigad', 'Computer Science', 90.98, 'MARATHI', 2015),
('15CE7020', 'K1', 'DESHMUKH MRUNAL NITIN SNEHAL', 'C', 86, 78, 89, 253, 563, 300, 650, 86.62, 138, 511, 150, 550, 92.91, 'Mumbai-City', 'Computer Science', 91.1712, 'MARATHI', 2015),
('15CE7021', 'K2', 'GHOSH ANURAG SANJAY SHUBRA', 'C', 88, 76, 88, 252, 551, 300, 650, 84.77, 95, 541, 100, 550, 98.37, 'Mumbai-City', 'Electrical Maintenance', 92.44, 'BANGALI', 2015),
('15CE7022', 'K2', 'GHULE SHUBHAM BAPURAO VANDANA', 'C', 40, 37, 51, 142, 365, 300, 650, 56.16, 92, 384, 150, 500, 76.8, 'Sholapur', '', 17.743, 'MARATHI', 2015),
('15CE7023', 'K1', 'CHAVAN JAYESH MANGESH SARITA', 'C', 84, 66, 81, 231, 558, 300, 650, 85.85, 128, 453, 150, 500, 90.6, 'Raigad', 'Computer Science', 0, 'marathi', 2015),
('15CE7024', 'K3', 'RAJPUROHIT JITENDRA SINGH MUKUN SINGH CHANDU', 'C', 89, 82, 95, 266, 518, 300, 650, 79.7, 141, 499, 150, 550, 90.73, 'Mumbai-City', '', 91.6667, 'HINDI', 2015),
('15CE7025', 'K3', 'PATIL KUSHAL SURENDRA ALKA', 'C', 91, 95, 95, 281, 470, 300, 500, 94, 94, 472, 100, 500, 94.4, 'Raigad', 'Computer Science', 91.53, 'marathi', 2015),
('15CE7026', 'K1', 'DABLE AKSHAY RAMESH VANDANA', 'C', 42, 44, 44, 149, 366, 300, 650, 56.31, 71, 370, 100, 500, 74, 'Nagpur', 'Electronics', 39.271, 'MARATHI', 2015),
('15CE7027', 'K2', 'PADHI PRATIKSHA SUDHIRANJAN SUJATA', 'C', 87, 75, 80, 242, 412, 300, 500, 82.4, 88, 449, 150, 500, 89.8, 'Nagpur', 'Computer Science', 75.0804, 'ODIA', 2015),
('15CE7028', 'K3', 'PANDEY AKSHAY UTTAM SABITA', 'C', 65, 55, 88, 208, 509, 300, 650, 78.31, 90, 423, 100, 500, 84.6, 'Raigad', 'Electrical Maintenance', 0, 'HINDI', 2015),
('15CE7029', 'K3', 'SALUNKHE PRATIK JAWAHAR MANISHA', 'C', 70, 85, 89, 244, 417, 300, 500, 83.4, 95, 460, 100, 500, 92, 'Raigad', 'Computer Science', 80.789, 'MARATHI', 2015),
('15CE7030', 'K3', 'PATIL EKTA SANJAY VIDYA', 'C', 55, 57, 52, 164, 436, 300, 650, 67.08, 102, 378, 150, 500, 75.6, 'Dhule', '', 69.2421, 'MARATHI', 2015),
('15CE7031', 'K2', 'JADHAV PAURAS PREMRAJ VANDANA', 'C', 67, 60, 75, 202, 516, 300, 650, 79.39, 145, 495, 150, 550, 90, 'Thane', 'Electronics', 80.2176, 'MARATHI', 2015),
('15CE7032', 'K3', 'UPADHYAY ROHIT RADHESHYAM SUNITA', 'C', 72, 80, 81, 233, 532, 300, 650, 81.85, 140, 500, 150, 550, 90.91, 'Thane', 'Computer Science', 91.037, 'HINDI', 2015),
('15CE7033', 'K1', 'BHUJBAL ASHUTOSH SANJEEV REKHA', 'C', 75, 68, 86, 229, 513, 300, 650, 78.93, 130, 469, 150, 550, 85.28, 'Thane', 'Computer Science', 90.1649, 'MARATHI', 2015),
('15CE7034', 'K3', 'SAWALE SHASHIKANT CHANDRAKANT LAXMI', 'C', 48, 61, 46, 155, 367, 300, 650, 56.47, 137, 511, 150, 550, 92.91, 'Latur', 'Electronics', 62.6207, 'marathi', 2015),
('15CE7035', 'K3', 'SAMANTA PURBASHA SISIR KABITA', 'C', 64, 67, 62, 193, 502, 300, 650, 77.24, 81, 452, 100, 500, 90.4, 'Nagpur', 'Computer Science', 0, 'bengali', 2015),
('15CE7036', 'K1', 'ANKIT KUMAR VINODKUMAR SANGITA', 'C', 85, 91, 79, 255, 413, 300, 500, 82.6, 85, 510, 100, 550, 92.73, 'Mumbai-City', '', 0, 'HINDI', 2015),
('15CE7037', 'K3', 'YADAV PAWAN RAJESH MANJU', 'C', 76, 65, 79, 0, 540, 300, 650, 83.08, 139, 473, 150, 550, 86, 'Thane', 'Computer Science', 91.055, 'HINDI', 2015),
('15CE7038', 'K2', 'KASERA JAYESH RAMESH GAYATRI', 'C', 85, 95, 79, 259, 444, 300, 500, 88.8, 95, 475, 100, 500, 95, 'Indore', '', 0, 'HINDI', 2015),
('15CE7039', 'K3', 'UBALE ADIT RAVINDRA SMITA', 'C', 59, 65, 64, 188, 446, 300, 650, 68.62, 135, 502, 150, 550, 91.28, 'Pune', 'Computer Science', 82.812, 'MARATHI', 2015),
('15CE7040', 'K3', 'SHARMA SIDDHARTH PRAVINKUMAR', 'C', 74, 95, 84, 253, 405, 300, 500, 81, 57, 323, 100, 500, 64.6, 'Nandurbar', '', 78.449, 'HINDI', 2015),
('15CE7041', 'K2', 'MANKAR SAMIR SANJAY ARCHANA', 'C', 46, 57, 56, 159, 404, 300, 650, 62.16, 123, 400, 150, 550, 72.73, 'Nagpur', 'Computer Science', 75.9432, 'marathi', 2015),
('15CE7042', 'K2', 'JAMBLE NIHARIKA JAYANT SUPRIYA', 'C', 63, 70, 72, 205, 462, 300, 650, 71.08, 136, 0, 136, 0, 0, 'Mumbai-City', 'Computer Science', 0, 'marathi', 2015),
('15CE7043', 'K1', 'BHIRUD SUMIT VIVEK MINAKSHI', 'C', 66, 57, 76, 199, 456, 300, 650, 70.16, 84, 433, 84, 433, 100, 'Thane', 'Electrical Maintenance', 0, 'marathi', 2015),
('15CE7044', 'K1', 'CHINCHOLE RUTWIK RAJENDRA UJWALA', 'C', 76, 74, 69, 219, 533, 300, 650, 82, 131, 522, 131, 522, 100, 'Thane', 'Computer Science', 0, 'Marathi', 2015),
('15CE7045', 'K3', 'SONAWANE NIRMAN RAVINDRA JAYSHREE', 'C', 86, 91, 85, 262, 431, 300, 500, 86.2, 81, 436, 81, 436, 100, 'Raigad', 'Computer Science', 0, 'MARATHI', 2015),
('15CE7046', 'K2', 'TUTEJA BHAVIKA RAJESHKUMAR RANJANA', 'C', 77, 71, 95, 243, 548, 300, 650, 84.31, 144, 494, 144, 494, 100, 'Thane', 'Civil Engineering', 0, 'punjabi', 2015),
('15CE7047', 'K1', 'PAKHLE AKSHAY VIKAS SWATI', 'C', 76, 74, 73, 223, 472, 300, 650, 72.62, 149, 532, 149, 532, 100, 'Thane', 'Electronics', 0, 'MARATHI', 2015),
('15CE7048', 'K1', 'AAKARSH RAGHUNATH K P RAGHUNATH', 'C', 78, 67, 76, 221, 530, 300, 650, 81.54, 144, 510, 144, 510, 100, 'Mumbai-City', 'Computer Science', 0, 'MALAYALAM', 2015),
('15CE8001', 'K1', 'CHAMOLI PIYUSH DEEPAK ASHA', 'C', 47, 56, 59, 162, 470, 300, 650, 72.31, 71, 385, 71, 385, 100, 'Mumbai-City', 'Electrical Maintenance', 0, 'HINDI', 2015),
('15CE8002', 'K1', 'AGARWAL ABHISHEK GOPAL SUNITA', 'C', 64, 54, 66, 184, 338, 300, 500, 67.6, 78, 456, 78, 456, 100, 'Thane', '', 0, 'hindi', 2015),
('15CE8003', 'K1', 'DESHMUKH SNEHAL ASHOK SHOBHA', 'C', 49, 59, 52, 160, 431, 300, 650, 66.31, 51, 279, 51, 279, 100, 'Pune', '', 0, 'marathi', 2015),
('15CE8004', 'K2', 'JOSHI SAHIL KAMAL MANJU', 'C', 0, 0, 0, 0, 0, 300, 650, 0, 88, 405, 88, 405, 100, 'Raigad', '', 0, 'GUJRATI', 2015),
('15CE8005', 'K2', 'KAKAD ADITYA AROON LATA', 'C', 61, 51, 57, 169, 474, 300, 650, 72.93, 132, 500, 132, 500, 100, 'Mumbai-City', 'Computer Science', 0, 'MARATHI', 2015),
('15CE8006', 'K1', 'CHUHAN ABINAY SANJAY UMA', 'C', 59, 54, 51, 164, 403, 300, 650, 62, 139, 470, 139, 470, 100, 'Thane', 'Electronics', 0, 'hindi', 2015),
('15CE8007', 'K2', 'NEGI DEEPANSHU DEEPAK', 'C', 51, 48, 66, 165, 414, 300, 650, 63.7, 114, 427, 114, 427, 100, 'Thane', 'Electronics', 0, 'HINDI', 2015),
('15CE8008', 'K3', 'SABNIS SHIVANI VINAYAK POOJA', 'C', 63, 60, 55, 178, 339, 300, 500, 67.8, 90, 491, 90, 491, 100, 'Raigad', 'Computer Science', 0, 'MARATHI', 2015),
('15CE8009', 'K3', 'PANDE VARUN SUNIL SUNITA', 'C', 59, 55, 63, 177, 448, 300, 650, 68.93, 101, 411, 101, 411, 100, 'Thane', 'Computer Science', 0, 'HINDI', 2015),
('15CE8010', 'K2', 'KULKARNI KSHITIJA PRARTHAJEET KSHIPRA', 'C', 65, 80, 55, 200, 376, 300, 500, 75.2, 95, 437, 95, 437, 100, 'Raigad', '', 0, 'marathi', 2015),
('15CE8011', 'K2', 'NAIR SHARANYA SATISH JAYA', 'C', 85, 81, 75, 241, 413, 300, 500, 82.6, 91, 474, 91, 474, 100, 'Thane', '', 0, 'MALAYALAM', 2015),
('15CE8012', 'K2', 'SURWADE UTKARSH SHASHIKANT SANGHAMITRA', 'C', 53, 54, 59, 166, 438, 300, 650, 67.39, 71, 392, 71, 392, 100, 'Thane', '', 0, 'MARATHI', 2015),
('15EE1001', 'C2', 'GAIKWAD PRASHIK ASHOK MARYA', 'E', 57, 53, 49, 159, 384, 300, 650, 59.08, 133, 444, 150, 550, 80.73, 'Mumbai-City', '', 63.0691, 'MARATHI', 2015),
('15EE1002', 'E2', 'SHUKLA VINAYAK ASHOKKUMAR SANJU', 'E', 70, 64, 83, 217, 476, 300, 650, 73.24, 131, 478, 150, 550, 86.91, 'Thane', '', 81.27, 'HINDI', 2015),
('15EE1003', 'C3', 'JOG ASHISH HEMANT ASHWINI', 'E', 72, 67, 72, 0, 492, 300, 650, 75.7, 122, 460, 150, 550, 83.64, 'Thane', 'Computer Science', 83.2937, 'MARATHI', 2015),
('15EE1004', 'D1', 'MANGALE SARVESH HIRALAL SNEHAL', 'E', 61, 66, 38, 165, 305, 300, 500, 61, 71, 402, 100, 500, 80.4, 'Thane', 'Computer Science', 53.0188, 'MARATHI', 2015),
('15EE1005', 'C3', 'JOSHI SUMEDHA SHAILENDRA VANITA', 'E', 82, 59, 75, 216, 470, 300, 650, 72.31, 139, 516, 150, 550, 93.82, 'Thane', 'Electronics', 74.8531, 'MARATHI', 2015),
('15EE1006', 'E1', 'SARODE HARSHAL YADAV SARITA', 'E', 73, 49, 79, 201, 441, 300, 650, 67.85, 136, 499, 150, 550, 90.73, 'Thane', 'Electronics', 58.5, 'MARATHI', 2015),
('15EE1007', 'D1', 'KOLI PRESHITA SUBHASH SUCHITRA', 'E', 56, 62, 73, 191, 444, 300, 650, 68.31, 138, 507, 150, 550, 92.19, 'Raigad', 'Computer Science', 53.0818, 'MARATHI', 2015),
('15EE1008', 'D3', 'PATIL VAIBHAVI VILAS VISHAKHA', 'E', 69, 71, 71, 211, 507, 300, 650, 78, 136, 504, 150, 550, 91.64, 'Mumbai-City', '', 82.9567, 'MARATHI', 2015),
('15EE1009', 'D3', 'POOJARY PRAJWAL DAMODAR LATHA', 'E', 92, 95, 72, 259, 440, 300, 500, 88, 88, 444, 100, 500, 88.8, 'Thane', 'Computer Science', 66.5253, 'KANNADA', 2015),
('15EE1010', 'D3', 'POTE SUMUKH SHAILESH SWATI', 'E', 77, 79, 70, 226, 500, 300, 650, 76.93, 126, 491, 150, 550, 89.28, 'Thane', '', 82.3963, 'MARATHI', 2015),
('15EE1011', 'E2', 'SHUKLA MOHIT MILIND MANISHA', 'E', 73, 65, 81, 219, 505, 300, 650, 77.7, 132, 491, 150, 550, 89.28, 'Mumbai-City', 'Electronics', 75.2731, 'MARATHI', 2015),
('15EE1012', 'C1', 'BASANGAR HRISHIKESH ANILKUMAR RAJANIBALA', 'E', 43, 55, 59, 157, 421, 300, 650, 64.77, 122, 459, 150, 550, 83.46, 'Mumbai-City', 'Electronics', 62.6856, 'Telugu', 2015),
('15EE1013', 'C1', 'BASANGAR SAIRAJ MILIND VIJAYALAKSMI', 'E', 63, 75, 76, 214, 386, 300, 500, 77.2, 138, 492, 150, 550, 89.46, 'Thane', '', 66.9, 'TELUGU', 2015),
('15EE1014', 'D2', 'NAIR SHREELA RAMARAJAN SHALINI', 'E', 74, 67, 72, 213, 495, 300, 650, 76.16, 139, 500, 150, 550, 90.91, 'Mumbai-City', 'Electronics', 78.4923, 'MALYALAM', 2015),
('15EE1015', 'E3', 'WAGH PRASAD PRAMOD ASHA', 'E', 48, 58, 58, 164, 409, 300, 650, 62.93, 113, 439, 150, 500, 87.8, 'Thane', '', 49.24, 'MARATHI', 2015),
('15EE1016', 'C2', 'GHARAT MIHIR MILIND ROHINI', 'E', 40, 58, 54, 152, 400, 300, 650, 61.54, 89, 457, 100, 500, 91.4, 'Mumbai-City', 'Electronics', 61.68, 'MARATHI', 2015),
('15EE1017', 'D3', 'PATIL GAURI DAYANAND POPALI', 'E', 70, 60, 75, 205, 497, 300, 650, 76.47, 142, 489, 150, 550, 88.91, 'Thane', 'Computer Science', 70.7605, 'MARATHI', 2015),
('15EE1018', 'D1', 'MANE SUSHANT MADHUKAR JYOTSNA', 'E', 52, 52, 76, 180, 476, 300, 650, 73.24, 71, 348, 100, 500, 69.6, 'Mumbai-City', 'Electronics', 60.112, 'MARATHI', 2015),
('15EE1019', 'E2', 'SHELAR ISHWARI KRISHNA KAVERI', 'E', 59, 63, 75, 197, 473, 300, 650, 72.77, 112, 431, 150, 500, 86.2, 'Raigad', '', 75.9051, 'marathi', 2015),
('15EE1020', 'D1', 'LANDE VISHAL SHIVAJI GULAB', 'E', 45, 57, 58, 160, 410, 300, 650, 63.08, 124, 485, 150, 550, 88.19, 'Thane', 'Electronics', 39.2031, 'MARATHI', 2015),
('15EE1021', 'E3', 'VISHE MANAS SANTOSH SWARALI', 'E', 43, 46, 44, 154, 385, 300, 650, 59.24, 113, 424, 150, 550, 77.1, 'Thane', '', 57.8014, 'MARATHI', 2015),
('15EE1022', 'D2', 'NACHAN TUSHAR DHANESH KUNDA', 'E', 63, 57, 65, 185, 446, 300, 650, 68.62, 131, 482, 150, 550, 87.64, 'Thane', '', 57.0835, 'MARATHI', 2015),
('15EE1023', 'E1', 'SALUNKHE MADHURI POPAT VANDANA', 'E', 67, 66, 87, 220, 484, 300, 650, 74.47, 141, 507, 150, 550, 92.19, 'Thane', '', 75.9579, 'MARATHI', 2015),
('15EE1024', 'D1', 'MANE HRISHIKANT RAMAKANT SUREKHA', 'E', 76, 58, 77, 211, 503, 300, 650, 77.39, 140, 489, 150, 550, 88.91, 'Thane', 'Electronics', 78.6451, 'MARATHI', 2015),
('15EE1025', 'E3', 'THAKUR SANKALP SUDHAKAR SUREKHA', 'E', 59, 54, 56, 169, 459, 300, 650, 70.62, 145, 517, 150, 550, 94, 'Thane', 'Electrical Maintenance', 59.487, 'MARATHI', 2015),
('15EE1026', 'D1', 'MAHAJAN KETAN MILIND HEMANGI', 'E', 42, 53, 77, 172, 452, 300, 650, 69.54, 123, 441, 150, 550, 80.19, 'Thane', 'Computer Science', 58.7315, 'MARATHI', 2015),
('15EE1027', 'E2', 'SONAWANE PRATIKSHA JANARDHAN SADHANA', 'E', 53, 54, 55, 162, 429, 300, 650, 66, 123, 461, 150, 550, 83.82, 'Thane', '', 44.6304, 'MARATHI', 2015),
('15EE1028', 'D1', 'KUNDLIK IBRAHIM KADAR ASIYA', 'E', 65, 57, 84, 206, 485, 300, 650, 74.62, 130, 468, 150, 550, 85.1, 'Mumbai-City', 'Electronics', 79.4884, 'KONKANI', 2015),
('15EE1029', 'C2', 'GADMALE PIYUSHA SUJAN VANDANA', 'E', 49, 43, 49, 164, 386, 300, 650, 59.39, 80, 349, 150, 500, 69.8, 'Raigad', 'Computer Science', 53.2152, 'marathi', 2015),
('15EE1030', 'D1', 'MAHADIK SWAPNIL PRAKASH PRERNA', 'E', 84, 74, 84, 242, 523, 300, 650, 80.47, 142, 487, 150, 550, 88.55, 'Thane', '', 86.3408, 'MARATHI', 2015),
('15EE1031', 'C3', 'KARKERA KAUSHAL HARISH SANDHYA', 'E', 88, 70, 81, 239, 538, 300, 650, 82.77, 134, 496, 150, 550, 90.19, 'Mumbai-City', 'Computer Science', 80.3987, 'TULU', 2015),
('15EE1032', 'D3', 'PATNAIK MEHUL RAMPRASAD SUSEELA', 'E', 72, 65, 70, 207, 485, 300, 650, 74.62, 129, 471, 150, 550, 85.64, 'Thane', 'Scooter & Motor Cycle Servicing', 75.02, 'TELUGU', 2015),
('15EE1033', 'D1', 'KOYANDE VRUNDA ANIL ACHALA', 'E', 68, 54, 82, 204, 507, 300, 650, 78, 145, 512, 150, 550, 93.1, 'Thane', 'Electrical Maintenance', 75.9682, 'MARATHI', 2015),
('15EE1034', 'E1', 'SALI SANKET PANKAJ PRIYA', 'E', 72, 52, 84, 208, 527, 300, 650, 81.08, 131, 502, 150, 550, 91.28, 'Mumbai-City', 'Electrical Maintenance', 71.309, 'MARATHI', 2015),
('15EE1035', 'C1', 'BORICHA AKANKSHA ASHOK SHILPA', 'E', 41, 50, 55, 159, 380, 300, 650, 58.47, 54, 324, 100, 500, 64.8, 'Thane', '', 52.8, 'GUJRATHI', 2015),
('15EE1036', 'D3', 'PANDHRE SURAJ SURESH LAXMI', 'E', 62, 55, 60, 177, 451, 300, 650, 69.39, 126, 459, 150, 550, 83.46, 'Raigad', 'Electronics', 50.7769, 'MARATHI', 2015),
('15EE1037', 'D2', 'MONDAL SOURJYA SISIR KUMAR SANCHAITA', 'E', 53, 60, 78, 191, 468, 300, 650, 72, 145, 494, 150, 500, 98.8, 'Thane', 'Electronics', 78.75, 'BENGALI', 2015),
('15EE1038', 'D2', 'NAIR SHREYAS BALAMURALEEKRISHNA SREEJA', 'E', 62, 60, 57, 179, 473, 300, 650, 72.77, 144, 502, 150, 550, 91.28, 'Akola', 'Electronics', 39.2554, 'MALAYALAM', 2015),
('15EE1039', 'C3', 'KARANDE SUMIT ASHOK KANTA', 'E', 49, 49, 48, 160, 400, 300, 650, 61.54, 123, 456, 150, 550, 82.91, 'Thane', '', 39.78, 'MARATHI', 2015),
('15EE1040', 'C3', 'GUPTA SATISHKUMAR MANEKCHAND SHANTIDEVI', 'E', 81, 64, 84, 229, 495, 300, 650, 76.16, 143, 474, 150, 550, 86.19, 'Mumbai-City', 'Electronics', 89.2943, 'HINDI', 2015),
('15EE1041', 'E3', 'YADAV GANESH RAJU SUMITRA', 'E', 88, 61, 89, 238, 498, 300, 650, 76.62, 117, 446, 150, 550, 81.1, 'Thane', '', 0, 'HINDI', 2015),
('15EE1042', 'C2', 'GOYAL PRATIK SHIVKUMAR RAJBALA', 'E', 66, 63, 80, 209, 491, 300, 650, 75.54, 96, 458, 100, 500, 91.6, 'Thane', 'Computer Science', 77.3638, 'hindi', 2015),
('15EE1043', 'C1', 'CHAKRABARTY PRIYAM PRATAPADITYA  PARAMITA', 'E', 70, 89, 68, 227, 390, 300, 500, 78, 79, 386, 100, 500, 77.2, 'Thane', 'Computer Science', 75.803, 'BENGALI', 2015),
('15EE1044', 'C2', 'GHUGE SAMIKSHA TUKARAM INDU', 'E', 43, 53, 58, 154, 374, 300, 650, 57.54, 128, 470, 150, 550, 85.46, 'Thane', '', 33.6825, 'MARATHI', 2015),
('15EE1045', 'D2', 'NAIK PRATHAMESH PRASHANT PRIYANKA', 'E', 61, 63, 81, 205, 505, 300, 650, 77.7, 133, 496, 150, 550, 90.19, 'Mumbai-City', 'Electronics', 0, 'MARATHI', 2015),
('15EE1046', 'E1', 'SAWANT VINIT GOPALKRISHNA DEEPTI', 'E', 76, 61, 78, 215, 506, 300, 650, 77.85, 143, 511, 150, 550, 92.91, 'Thane', 'Computer Science', 79.2689, 'KONKANI', 2015),
('15EE1047', 'E2', 'SHELAR KAUSTUBH BHARAT KARUNA', 'E', 49, 56, 50, 155, 368, 300, 650, 56.62, 117, 411, 150, 550, 74.73, 'Thane', 'Electronics', 60.845, 'MARATHI', 2015),
('15EE1048', 'C2', 'DHUMAL OMKAR AVINASH ASHWINI', 'E', 71, 69, 87, 227, 534, 300, 650, 82.16, 134, 495, 150, 550, 90, 'Raigad', 'Electronics', 82.9, 'MARATHI', 2015),
('15EE1049', 'D2', 'MEHARE KRUTIKA NARESH NEETA', 'E', 89, 71, 86, 246, 539, 300, 650, 82.93, 145, 510, 150, 550, 92.73, 'Raigad', 'Computer Science', 72.4, 'MARATHI', 2015),
('15EE1050', 'D2', 'MANGALVEDHEKAR YASH RAJENDRA MADHURA', 'E', 72, 65, 76, 213, 495, 300, 650, 76.16, 141, 493, 150, 550, 89.64, 'Thane', 'Computer Science', 78.0198, 'KANNADA', 2015),
('15EE1051', 'C1', 'ATAWANE MAYANK PURNANAND SEEMA', 'E', 68, 66, 61, 195, 478, 300, 650, 73.54, 104, 415, 150, 500, 83, 'Raigad', 'Electronics', 77.5436, 'MARATHI', 2015),
('15EE1052', 'E3', 'VAZE ROHIT PRADEEP BHARTI', 'E', 68, 64, 70, 202, 497, 300, 650, 76.47, 128, 479, 150, 550, 87.1, 'Thane', 'Electrical Maintenance', 70.7596, 'MARATHI', 2015),
('15EE1053', 'C1', 'BANDICHODE MARUTI SUBHASH MANGAL', 'E', 44, 47, 45, 139, 344, 300, 650, 52.93, 83, 389, 150, 500, 77.8, 'Thane', '', 26.939, 'MARATHI', 2015),
('15EE1054', 'E1', 'SATPUTE NIKHIL VIJAY PRIYADARSHINI', 'E', 70, 63, 69, 202, 342, 300, 500, 68.4, 64, 419, 100, 550, 76.19, 'Thane', '', 0, 'MARATHI', 2015),
('15EE1055', 'C3', 'GULAVE AKSHAY RUPSEN RAJASHRI', 'E', 60, 54, 56, 170, 472, 300, 650, 72.62, 123, 465, 150, 500, 93, 'Kolhpur', 'Electronics', 39.7772, 'MARATHI', 2015),
('15EE1056', 'C1', 'CHOWDHURY AMIT AMIYA PRATIMA', 'E', 68, 64, 59, 191, 519, 300, 650, 79.85, 136, 474, 150, 550, 86.19, 'Raigad', 'Electronics', 85.8596, 'BANGALI', 2015),
('15EE1057', 'E1', 'SANGAL RAHUL SURESH MADHU', 'E', 82, 90, 78, 250, 412, 300, 650, 63.39, 82, 398, 100, 550, 72.37, 'Raigad', '', 0, 'HINDI', 2015),
('15EE1058', 'C2', 'DHORE MANOJ DILIP CHHAYA', 'E', 54, 61, 59, 174, 415, 300, 650, 63.85, 114, 450, 150, 550, 81.82, 'Yavatmal', '', 38.5082, 'marathi', 2015),
('15EE1059', 'D1', 'KOLHE NACHIKET NIVRUTTI LALITA', 'E', 77, 66, 73, 216, 523, 300, 650, 80.47, 122, 463, 150, 500, 92.6, 'Thane', 'Computer Science', 74.8531, 'MARATHI', 2015),
('15EE1060', 'D3', 'PATIL HARSHADA DASHARATH ASHA', 'E', 68, 60, 71, 199, 460, 300, 650, 70.77, 138, 467, 150, 550, 84.91, 'Raigad', '', 56.8231, 'marathi', 2015),
('15EE1061', 'D2', 'MARATHE KAJAL SUNIL SUNITA', 'E', 77, 75, 73, 225, 468, 300, 650, 72, 117, 435, 150, 550, 79.1, 'Thane', '', 80.1018, 'MARATHI', 2015),
('15EE1062', 'E1', 'RYAPAK RASHI RAJESH SUJATA', 'E', 47, 41, 49, 137, 394, 300, 650, 60.62, 121, 418, 150, 550, 76, 'Mumbai-City', '', 49.3841, 'telgu', 2015),
('15EE1063', 'E2', 'SHARMA PRASHANT BIRENDRA TARA', 'E', 73, 65, 61, 199, 414, 300, 650, 63.7, 88, 411, 100, 500, 82.2, 'Thane', '', 77.65, 'HINDI', 2015),
('15EE1064', 'E1', 'SHAH AMRUTA SUHAS SHEETAL', 'E', 66, 78, 83, 227, 484, 300, 650, 74.47, 140, 513, 150, 550, 93.28, 'Thane', '', 81.6186, 'MARATHI', 2015),
('15EE1065', 'D1', 'MANE ANKITA RAJENDRA KANCHAN', 'E', 79, 70, 83, 232, 521, 300, 650, 80.16, 146, 516, 150, 550, 93.82, 'Mumbai-City', '', 92.5561, 'marathi', 2015),
('15EE1066', 'E2', 'SONAR PRANALI NITIN CHITRA', 'E', 59, 62, 56, 177, 418, 300, 650, 64.31, 122, 474, 150, 550, 86.19, 'Thane', '', 59.8023, 'MARATHI', 2015),
('15EE1067', 'E1', 'PUNYARTHI TANMAY NANDKISHOR KALYANI', 'E', 87, 69, 81, 237, 532, 300, 650, 81.85, 141, 504, 150, 550, 91.64, 'Thane', 'Electronics', 72.9971, 'marathi', 2015),
('15EE1068', 'D3', 'PATIL VINAYA DASHRATH CHHAYA', 'E', 58, 49, 63, 170, 438, 300, 650, 67.39, 127, 473, 150, 550, 86, 'Thane', 'Computer Science', 55.41, 'MARATHI', 2015),
('15EE1069', 'D2', 'MUDGALKAR ROHAN MANOJ REVATI', 'E', 91, 75, 85, 251, 550, 300, 650, 84.62, 148, 534, 150, 550, 97.1, 'Thane', 'Computer Science', 75.7093, 'MARATHI', 2015),
('15EE1070', 'C1', 'BHOIR TEJAS SANJAY CHANDA', 'E', 85, 61, 84, 230, 502, 300, 650, 77.24, 140, 499, 150, 550, 90.73, 'Thane', 'Electrical Maintenance', 78.15, 'MARATHI', 2015),
('15EE1071', 'E1', 'SHAH BHAVIN MANISH GAYATRI', 'E', 75, 60, 78, 213, 508, 300, 650, 78.16, 133, 461, 150, 500, 92.2, 'Thane', 'Electronics', 79.7951, 'GUJURATI', 2015),
('15EE1072', 'E1', 'SAJEKAR NIKHIL PANDHARINATH PRIYANKA', 'E', 77, 65, 78, 220, 493, 300, 650, 75.85, 124, 457, 150, 500, 91.4, 'Mumbai-City', 'Electronics', 0, 'MARATHI', 2015),
('15EE1073', 'E3', 'SURANA PIYUSH MUKESH SAROJ', 'E', 74, 87, 81, 242, 560, 300, 650, 86.16, 0, 0, 150, 0, 0, 'Thane', 'Computer Science', 0, 'MARWARI', 2015),
('15EE1074', 'D2', 'MUPPIDWAR MANDAR CHANDRAKANT UNNATI', 'E', 61, 59, 68, 188, 437, 300, 650, 67.24, 130, 484, 150, 500, 96.8, 'Nagpur', 'Electronics', 64.9581, 'marathi', 2015),
('15EE1075', 'E3', 'YELEKAR SHUBHAM SHIVAJI SHARAU', 'E', 70, 58, 65, 193, 477, 300, 650, 73.39, 114, 418, 150, 550, 76, 'Thane', 'Electronics', 56.0349, 'MARATHI', 2015),
('15EE1076', 'C2', 'GAIKWAD PURVA ARUN PALLAVIE', 'E', 69, 68, 48, 185, 360, 300, 500, 72, 71, 413, 100, 500, 82.6, 'Mumbai-City', 'Computer Science', 51.77, 'MARATHI', 2015),
('15EE1077', 'E3', 'WAGH SAKSHI NILESH ARCHANA', 'E', 44, 39, 45, 135, 338, 300, 650, 52, 104, 391, 150, 500, 78.2, 'Thane', '', 39.2056, 'marathi', 2015),
('15EE1078', 'E3', 'VINCHHI RIDDHI PARSOTTAM DAKSHA', 'E', 82, 75, 74, 231, 563, 300, 650, 86.62, 144, 515, 150, 550, 93.64, 'Thane', 'Computer Science', 65.49, 'GUJRATI', 2015),
('15EE1079', 'E1', 'SARANGDHAR SAURABH MUKUND SHWETA', 'E', 70, 69, 75, 214, 498, 300, 650, 76.62, 141, 488, 150, 550, 88.73, 'Mumbai-City', '', 74.5605, 'MARATHI', 2015),
('15EE1080', 'E3', 'THORAT AKASH ASHOK SUVARNA', 'E', 65, 63, 70, 198, 503, 300, 650, 77.39, 90, 711, 100, 800, 88.88, 'Mumbai-City', 'Electronics', 0, 'marathi', 2015),
('15EE1081', 'C3', 'KADEGAONKAR ATHARVA SHRIKANT RAGINI', 'E', 79, 68, 90, 237, 549, 300, 650, 84.47, 139, 501, 150, 550, 91.1, 'Thane', 'Computer Science', 75, 'MARATHI', 2015),
('15EE1082', 'E3', 'TIWARI AKASH LALDHAR MANORAMA', 'E', 67, 55, 68, 190, 401, 300, 650, 61.7, 104, 396, 150, 550, 72, 'Thane', '', 83.3533, 'hindi', 2015),
('15EE1083', 'D3', 'PATIL ADITI VIJAY ASHWINI', 'E', 64, 66, 64, 194, 465, 300, 650, 71.54, 117, 425, 150, 500, 85, 'Thane', 'Computer Science', 68.9557, 'marathi', 2015),
('15EE1084', 'E3', 'VIDWANS SWANAND VIJAY ANURADHA', 'E', 55, 44, 70, 169, 390, 300, 650, 60, 140, 513, 150, 550, 93.28, 'Thane', '', 73.3808, 'marathi', 2015),
('15EE1085', 'D3', 'PATIL PRATIKSHA SANJAY KALPANA', 'E', 63, 65, 65, 193, 370, 300, 500, 74, 72, 375, 100, 500, 75, 'Raigad', '', 46.1273, 'MARATHI', 2015),
('15EE1086', 'E1', 'SHANBHAG SURABHI ANAND VDYA', 'E', 61, 57, 71, 189, 483, 300, 650, 74.31, 138, 521, 150, 550, 94.73, 'Thane', 'Computer Science', 68.767, 'KONKANI', 2015),
('15EE1087', 'C1', 'CHINCHOLE ANIKET CHANDAR SANDHYA', 'E', 49, 51, 61, 161, 464, 300, 650, 71.39, 124, 443, 150, 550, 80.55, 'Mumbai-City', 'Electrical Maintenance', 48.027, 'marathi', 2015),
('15EE1088', 'D2', 'MOKAL KAUSTUBH RAJENDRA', 'E', 71, 62, 76, 209, 475, 300, 650, 73.08, 138, 484, 150, 550, 88, 'Raigad', '', 50.6521, 'MARATHI', 2015),
('15EE1089', 'C3', 'KAMBLE TANVI SURESH SHILPA', 'E', 47, 47, 42, 159, 382, 300, 650, 58.77, 111, 451, 150, 550, 82, 'Thane', '', 30.35, 'MARATHI', 2015),
('15EE1090', 'C3', 'JOBANPUTRA MANSI JAYESH BHAVIKA', 'E', 81, 78, 57, 216, 386, 300, 500, 77.2, 83, 454, 100, 500, 90.8, 'Thane', '', 72.171, 'GUJRATI', 2015),
('15EE1091', 'C3', 'JADHAVAR DHANASHRI BALU VISHVAKALA', 'E', 43, 43, 41, 127, 378, 300, 650, 58.16, 76, 344, 150, 500, 68.8, 'Mumbai-City', '', 19.1219, 'MARATHI', 2015),
('15EE1092', 'D3', 'NAYAK DARSHAN GANESH GAYATRI', 'E', 79, 59, 96, 234, 538, 300, 650, 82.77, 146, 518, 150, 550, 94.19, 'Thane', 'Computer Science', 83.16, 'KONKANI', 2015),
('15EE1093', 'E2', 'SHINDE AKSHAY NILESH VARSHA', 'E', 54, 55, 68, 177, 478, 300, 650, 73.54, 76, 397, 100, 500, 79.4, 'Thane', 'Electrical Maintenance', 71.1458, 'MARATHI', 2015),
('15EE1094', 'D2', 'NAMBIAR NIKHIL BABU DEEPA', 'E', 80, 88, 74, 242, 426, 300, 500, 85.2, 90, 508, 100, 550, 92.37, 'Thane', 'Computer Science', 70.2983, 'MALAYALAM', 2015),
('15EE1095', 'C2', 'EKBOTE OMKAR KIRAN NEHA', 'E', 69, 58, 69, 196, 472, 300, 650, 72.62, 122, 459, 150, 550, 83.46, 'Thane', 'Computer Science', 72.73, 'MARATHI', 2015),
('15EE1096', 'C2', 'DAVKHAR JAYESH NAVNATH VAISHALI', 'E', 46, 50, 74, 170, 403, 300, 650, 62, 94, 398, 150, 500, 79.6, 'Kolhpur', 'Electronics', 43.1078, 'MARATHI', 2015),
('15EE1097', 'M2', 'SHETE PRANAV GOVIND MANISHA', 'E', 46, 49, 48, 169, 399, 300, 650, 61.39, 120, 421, 150, 550, 76.55, 'Thane', 'Computer Science', 48.9252, '', 2015),
('15EE1098', 'C1', 'AMBAVANE PURVA SANDEEP DEEPA', 'E', 66, 65, 61, 192, 521, 300, 650, 80.16, 93, 482, 100, 500, 96.4, 'Thane', 'Electrical Maintenance', 78, 'MARATHI', 2015),
('15EE1099', 'E2', 'SHINDE PRANALI DILIP USHA', 'E', 54, 56, 63, 173, 438, 300, 650, 67.39, 136, 496, 150, 550, 90.19, 'Thane', 'Electronics', 61.519, 'MARATHI', 2015),
('15EE1100', 'C2', 'DHILLON KIRANDEEP BALDEV SINGH HARJINDER KAUR', 'E', 77, 84, 65, 226, 483, 300, 650, 74.31, 82, 446, 100, 500, 89.2, 'Mumbai-City', '', 69.5283, 'PUNJABI', 2015),
('15EE1101', 'E2', 'SHETTY SHARAN SHEKAR SHOBHA', 'E', 63, 62, 74, 199, 478, 300, 650, 73.54, 129, 458, 150, 550, 83.28, 'Mumbai-City', '', 71.2133, 'KANNADA', 2015),
('15EE1102', 'E1', 'SAWANT PRANAY MILIND MEENA', 'E', 75, 64, 75, 214, 508, 300, 650, 78.16, 88, 455, 100, 500, 91, 'Thane', 'Computer Science', 0, 'MARATHI', 2015),
('15EE1103', 'C2', 'DATT ROBINJIT SINGH MANJIT SINGH JATINDER KAUR', 'E', 61, 59, 54, 174, 457, 300, 650, 70.31, 147, 496, 150, 550, 90.19, 'Mumbai-City', 'Electronics', 69.2874, 'PUNJABI', 2015),
('15EE1104', 'C1', 'ARGADE TEJAS SURESH SNEHA', 'E', 51, 46, 64, 161, 416, 300, 650, 64, 104, 391, 150, 550, 71.1, 'Thane', 'Computer Science', 70.8513, 'MARATHI', 2015),
('15EE1105', 'C1', 'BHANUSHALI ROHAN NANDKUMAR NEELAM', 'E', 71, 54, 67, 192, 461, 300, 650, 70.93, 139, 492, 150, 550, 89.46, 'Mumbai-City', 'Electronics', 80.85, 'MARATHI', 2015),
('15EE1106', 'E3', 'THAKUR SANKET CHADRASHEKHAR CHANDA', 'E', 46, 48, 63, 157, 418, 300, 650, 64.31, 101, 408, 150, 550, 74.19, 'Raigad', 'Computer Science', 36.833, 'marathi', 2015),
('15EE1107', 'C3', 'KAMBLE NIKHIL DINKAR KAMAL', 'E', 49, 46, 61, 156, 411, 300, 650, 63.24, 106, 396, 150, 500, 79.2, 'Mumbai-City', 'Electronics', 37.46, 'MARATHI', 2015),
('15EE1108', 'D1', 'MALVANKAR SOHAM KALIDAS SWATI', 'E', 65, 54, 76, 195, 468, 300, 650, 72, 138, 476, 150, 550, 86.55, 'Mumbai-City', 'Electrical Maintenance', 59.05, 'MARATHI', 2015);
INSERT INTO `fe_educational_details` (`roll_no`, `batch`, `name`, `branch`, `hsc_phy`, `hsc_chem`, `hsc_math`, `hsc_pcm`, `hsc_total`, `hsc_pcm_outof`, `hsc_tot_outof`, `hsc_per`, `ssc_maths`, `ssc_total`, `ssc_maths_outof`, `ssc_tot_outof`, `ssc_per`, `board_district`, `vocational_course`, `composite_score`, `mothertongue`, `admission_year`) VALUES
('15EE1109', 'E2', 'SONAR SWARAJ AANAND JAYSHRI', 'E', 74, 71, 71, 216, 468, 300, 650, 72, 133, 489, 150, 550, 88.91, 'Thane', 'Computer Science', 80.24, 'MARATHI', 2015),
('15EE1110', 'C1', 'BORKAR VAIBHAV SUNIL SANGEETA', 'E', 68, 48, 90, 206, 433, 300, 650, 66.62, 130, 442, 150, 550, 80.37, 'Raigad', '', 58.2372, 'MARATHI', 2015),
('15EE1111', 'C2', 'GHARAT PRATIK BHALCHANDRA VASANTI', 'E', 65, 56, 74, 195, 463, 300, 650, 71.24, 119, 430, 150, 550, 78.19, 'Raigad', '', 72.4946, 'marathi', 2015),
('15EE1112', 'D1', 'KOTA SAGAR RAMCHANDRAN RADHA', 'E', 55, 48, 55, 158, 426, 300, 650, 65.54, 102, 358, 150, 550, 65.1, 'Mumbai-City', 'Electronics', 39.94, 'TELUGU', 2015),
('15EE1113', 'D2', 'MUMBAIKAR AKASH SANJAY POOJA', 'E', 60, 54, 67, 181, 448, 300, 650, 68.93, 112, 392, 150, 500, 78.4, 'Mumbai-City', '', 56.5313, 'MARATHI', 2015),
('15EE1114', 'D1', 'KARWADE KANTESH SHIVRAJ', 'E', 44, 52, 51, 157, 386, 300, 650, 59.39, 117, 437, 150, 550, 79.46, 'Thane', 'Electronics', 45.4311, 'MARATHI', 2015),
('15EE1115', 'E1', 'RINI RATNAKAR PREMAJA', 'E', 88, 78, 72, 238, 415, 300, 500, 83, 94, 473, 100, 500, 94.6, 'Raigad', 'Computer Science', 68.1545, 'MALAYALAM', 2015),
('15EE1116', 'D1', 'MALVIYA AYUSH DINESH NIRUPMA', 'E', 72, 94, 62, 228, 405, 300, 500, 81, 81, 434, 100, 500, 86.8, 'Thane', '', 77.1893, 'HINDI', 2015),
('15EE1117', 'C3', 'KAMBLE VISHAL GAUTAM VIMAL', 'E', 44, 42, 43, 147, 378, 300, 650, 58.16, 103, 382, 150, 500, 76.4, 'Thane', '', 42.14, 'MARATHI', 2015),
('15EE1118', 'C2', 'GODSE AMOLIKA ANAND SANGEETA', 'E', 80, 95, 67, 242, 418, 300, 500, 83.6, 91, 419, 100, 500, 83.8, 'Thane', 'Computer Science', 0, 'marathi', 2015),
('15EE1119', 'D3', 'PASUNURI MANOJ RAJENDRAPRASAD ARCHANA', 'E', 45, 47, 45, 143, 350, 300, 650, 53.85, 96, 367, 150, 550, 66.73, 'Mumbai-City', 'Electronics', 40.5304, 'TELUGU', 2015),
('15EE1120', 'D2', 'NAVALE KRUNAL ANIL MINAL', 'E', 86, 82, 75, 243, 388, 300, 500, 77.6, 87, 419, 100, 500, 83.8, 'Raigad', 'Computer Science', 77.5237, 'MARATHI', 2015),
('15EE1121', 'D2', 'MULAY YASH CHINTAMANI PRATIKSHA', 'E', 67, 56, 71, 194, 476, 300, 650, 73.24, 143, 520, 150, 550, 94.55, 'Mumbai-City', 'Electronics', 70.625, 'MARATHI', 2015),
('15EE1122', 'D2', 'NANGARE YASH KISAN SANGITA', 'E', 76, 60, 69, 205, 392, 300, 500, 78.4, 94, 553, 100, 600, 92.17, 'Thane', 'Computer Science', 38.0394, 'MARATHI', 2015),
('15EE1123', 'E3', 'ZODAPE  MRUGANDH  ANNAJI  VAISHALI', 'E', 43, 64, 48, 155, 416, 300, 650, 64, 71, 421, 100, 500, 84.2, 'Thane', 'Computer Science', 46.09, 'MARATHI', 2015),
('15EE1124', 'D3', 'PARANDE UTKARSH SARJERAO ANJALI', 'E', 76, 85, 58, 219, 350, 300, 500, 70, 84, 421, 100, 500, 84.2, 'Thane', 'Computer Science', 46.183, 'MARATHI', 2015),
('15EE1125', 'D2', 'NARKHEDE SUYOG RAMDAS JAYSHREE', 'E', 48, 51, 60, 159, 421, 300, 650, 64.77, 130, 507, 150, 550, 92.19, 'Thane', 'Electronics', 43.3479, 'marathi', 2015),
('15EE1126', 'C3', 'INGAVALE AKHIL ANIL SANGEETA', 'E', 77, 74, 62, 213, 368, 300, 500, 73.6, 74, 360, 100, 500, 72, 'Thane', '', 71.3142, 'MARATHI', 2015),
('15EE1127', 'E3', 'VISHWKARMA SHYAMKISHAN RAMPAL MURJAVATI', 'E', 75, 54, 61, 190, 422, 300, 650, 64.93, 117, 428, 150, 550, 77.82, 'Thane', 'Computer Science', 71.2459, 'hindi', 2015),
('15EE1128', 'C2', 'GADKARI ABHISHEK MILIND ARCHANA', 'E', 55, 57, 43, 155, 404, 300, 650, 62.16, 130, 480, 150, 550, 87.28, 'Thane', 'Electronics', 68.23, 'MARATHI', 2015),
('15EE1129', 'D3', 'PATIL SAYALI JITENDRA SWATI', 'E', 54, 54, 79, 187, 448, 300, 650, 68.93, 126, 485, 150, 550, 88.19, 'Thane', 'Electronics', 51.9973, 'MARATHI', 2015),
('15EE1130', 'C3', 'JADHAV SHUBHAM MANIK MAYA', 'E', 64, 62, 55, 181, 460, 300, 650, 70.77, 71, 443, 100, 550, 80.55, 'Thane', '', 48.9815, 'marathi', 2015),
('15EE1131', 'E2', 'SONAWANE TANAY SANDEEP SANGEETA', 'E', 53, 44, 50, 147, 356, 300, 650, 54.77, 99, 386, 150, 550, 70.19, 'Mumbai-City', '', 0, 'MARATHI', 2015),
('15EE1132', 'C2', 'MAHADIK VIRAJ SANJAY MRUNAL', 'E', 60, 62, 78, 200, 519, 300, 650, 79.85, 142, 518, 150, 550, 94.19, 'Thane', 'Electrical Maintenance', 0, 'MARATHI', 2015),
('15EE1133', 'C1', 'BARADE HARSHALA GURUNATH RUPA', 'E', 45, 57, 48, 150, 397, 300, 650, 61.08, 61, 351, 100, 550, 63.82, 'Mumbai-City', '', 45.0582, 'MARATHI', 2015),
('15EE1134', 'C2', 'DORUGADE TANMAY DATTATRAY DORUGADE REKHA', 'E', 61, 66, 53, 180, 498, 300, 650, 76.62, 132, 497, 150, 550, 90.37, 'Mumbai-City', 'Electrical Maintenance', 69.83, 'MARATHI', 2015),
('15EE1135', 'C1', 'AAGA ARBAZ FIROJ SHERBANU', 'E', 60, 52, 62, 174, 443, 300, 650, 68.16, 133, 450, 150, 550, 81.82, 'Raigad', '', 76.97, 'HINDI', 2015),
('15EE1136', 'E2', 'SHUKLA YASH BRIJESH RITA', 'E', 83, 85, 80, 248, 415, 300, 500, 83, 91, 436, 100, 500, 87.2, 'Thane', 'Computer Science', 0, 'hindi', 2015),
('15EE1137', 'D3', 'NAYAK MAHAN BIBEK KANAKLATA', 'E', 78, 91, 71, 240, 378, 300, 500, 75.6, 97, 502, 100, 550, 91.28, 'Thane', 'Computer Science', 77.0596, 'BENGALI', 2015),
('15EE1138', 'C3', 'JAKHMOLA DIVYAM RAKESH SUMAN', 'E', 73, 87, 83, 243, 419, 300, 500, 83.8, 91, 451, 100, 500, 90.2, 'Raigad', '', 79, 'HINDI', 2015),
('15EE1139', 'C3', 'KABADI SAKSHI VIVEK SUREKHA', 'E', 70, 51, 70, 191, 495, 300, 650, 76.16, 100, 405, 150, 500, 81, 'Thane', 'Computer Science', 73.49, 'MARATHI', 2015),
('15EE1140', 'C1', 'BASU DHRUBOJYOTI BISWAJYOTI SUBARNA', 'E', 75, 88, 71, 234, 382, 300, 500, 76.4, 81, 442, 100, 500, 88.4, 'Thane', 'Computer Science', 69.0838, 'BENGALI', 2015),
('15EE1141', 'E2', 'SHINDE PRACHI DEEPAK NEELAM', 'E', 64, 69, 86, 219, 538, 300, 650, 82.77, 92, 468, 100, 500, 93.6, 'Thane', 'Electrical Maintenance', 56.0751, 'MARATHI', 2015),
('15EE1142', 'C1', 'BHATT DATTVI KARTIKEY CHETNA', 'E', 81, 90, 73, 244, 409, 300, 500, 81.8, 94, 465, 100, 500, 93, 'Raigad', 'Computer Science', 73.3304, 'gujarati', 2015),
('15EE1143', 'C3', 'GUMANDI KARAN BAKYA DAMYANTI', 'E', 72, 64, 64, 200, 447, 300, 650, 68.77, 119, 455, 150, 550, 82.73, 'Thane', '', 83.0167, 'TELUGU', 2015),
('15EE1144', 'D1', 'KURHEKAR ATHARVA ANIL PRANITA', 'E', 60, 55, 52, 167, 418, 300, 650, 64.31, 126, 445, 150, 500, 89, 'Thane', '', 68.898, 'MARATHI', 2015),
('15EE1145', 'E2', 'SHINDE GAYATRI PRASHANT SUNITA', 'E', 56, 57, 81, 194, 460, 300, 650, 70.77, 96, 369, 150, 550, 67.1, 'Thane', '', 66.5039, 'MARATHI', 2015),
('15EE1146', 'C2', 'FEGADE SUMEDHA DINKAR KAVITA', 'E', 45, 53, 48, 184, 449, 300, 650, 69.08, 128, 473, 150, 550, 86, 'Thane', 'Computer Science', 43.6758, 'marathi', 2015),
('15EE1147', 'D3', 'PRAVEEN KUMAR KALIRATHINAM JAYARANI', 'E', 71, 71, 73, 215, 485, 300, 650, 74.62, 141, 509, 150, 550, 92.55, 'Mumbai-City', '', 71.8468, 'TAMIL', 2015),
('15EE1148', 'E2', 'SINGH PRASHANT SATYAPRAKASH', 'E', 53, 53, 63, 169, 406, 300, 650, 62.47, 119, 429, 150, 550, 78, 'Thane', '', 0, 'BHOJPURI', 2015),
('15EE1149', 'D3', 'PATE AKSHAY YASHWANT VAISHALI', 'E', 45, 46, 50, 171, 386, 300, 650, 59.39, 105, 385, 150, 550, 70, 'Thane', 'Computer Science', 39.6039, 'MARATHI', 2015),
('15EE1150', 'D3', 'PATIL ANAGHA AVINASH NEETA', 'E', 78, 69, 73, 220, 490, 300, 650, 75.39, 132, 533, 150, 550, 96.91, 'Thane', 'Computer Science', 79.49, 'MARATHI', 2015),
('15EE1151', 'E3', 'WAGHMARE SAUJANYA DNYANESHWAR', 'E', 70, 79, 81, 230, 501, 300, 650, 77.08, 134, 490, 150, 550, 89.1, 'Mumbai-City', 'Civil Engineering', 81.09, 'marathi', 2015),
('15EE1152', 'C2', 'DARVESHI SHRUTIKA SHASHIKANT ROHINI', 'E', 53, 62, 72, 187, 458, 300, 650, 70.47, 131, 478, 150, 550, 86.91, 'Thane', '', 73.3588, 'MARATHI', 2015),
('15EE1153', 'E3', 'TRISAL SHIVAM DILEEP DOLLY', 'E', 74, 95, 68, 237, 420, 300, 500, 84, 95, 437, 100, 500, 87.4, 'Srinagar', '', 0, 'KASHMIRI', 2015),
('15EE1154', 'E2', 'SHELAR PRITESH RAJEEV REKHA', 'E', 47, 52, 57, 156, 386, 300, 650, 59.39, 131, 487, 131, 487, 100, 'Thane', '', 0, 'MARATHI', 2015),
('15EE1155', 'C1', 'MORE SUMEET SHASHIKANT MANISHA', 'E', 45, 56, 47, 172, 403, 300, 650, 62, 119, 446, 119, 446, 100, 'Mumbai-City', '', 0, 'MARATHI', 2015),
('15EE1156', 'D1', 'SHINDE PRIYANKA DILIP DIPIKA', 'E', 72, 80, 64, 216, 395, 300, 500, 79, 91, 457, 91, 457, 100, 'Thane', 'Computer Science', 0, 'MARATHI', 2015),
('15EE1157', 'D1', 'SHAIKH AYESHA SHAFIK ZARINA', 'E', 42, 57, 62, 161, 458, 300, 650, 70.47, 108, 419, 108, 419, 100, 'Raigad', 'Computer Science', 0, 'HINDI', 2015),
('15EE1158', 'D1', 'WANI PRATIK ULHAS MEGHANA', 'E', 52, 55, 57, 164, 467, 300, 650, 71.85, 112, 471, 112, 471, 100, 'Thane', 'Computer Science', 0, 'MARATHI', 2015),
('15EE1159', 'D2', 'KARN SHIVAM ANJESH KALPANA', 'E', 72, 49, 68, 189, 408, 300, 650, 62.77, 133, 488, 133, 488, 100, 'Thane', '', 0, 'hindi', 2015),
('15EE1160', 'D2', 'SARAF AMRUTESH VASANT NEERA', 'E', 50, 48, 47, 0, 446, 300, 650, 68.62, 140, 517, 140, 517, 100, 'Thane', 'Computer Science', 0, 'MARATHI', 2015),
('15EE1161', 'D1', 'SINGH SIDDHANT UDAY SARITA', 'E', 52, 50, 48, 150, 390, 300, 650, 60, 131, 461, 131, 461, 100, 'Mumbai-City', '', 0, 'hindi', 2015),
('15EE1162', 'D1', 'HULGI SHREYA SHREEKANT VIJAYALAXMI', 'E', 66, 68, 53, 187, 371, 300, 500, 74.2, 71, 0, 71, 0, 0, 'Thane', '', 0, 'kannada', 2015),
('15EE1163', 'D2', 'JOSHI AAROHI ANANTA DEEPA', 'E', 64, 69, 55, 188, 369, 300, 650, 56.77, 93, 467, 93, 467, 100, 'Mumbai-City', 'Computer Science', 0, 'marathi', 2015),
('15EE1164', 'D2', 'CHAKRAWARTI AMIT RAVI VAISHALI', 'E', 50, 52, 54, 156, 417, 300, 650, 64.16, 113, 443, 113, 443, 100, 'Mumbai-City', '', 0, 'MARATHI', 2015),
('15EE1165', 'D2', 'JOG VINAY VIKAS PALLAVI', 'E', 39, 43, 41, 138, 353, 300, 650, 54.31, 107, 416, 107, 416, 100, 'Thane', 'Electronics', 0, 'MARATHI', 2015),
('15EE1166', 'D2', 'MULEWA ANJALI YESHWANT KUMUD', 'E', 48, 46, 71, 165, 445, 300, 650, 68.47, 125, 452, 125, 452, 100, 'Thane', 'Electronics', 0, 'hindi', 2015),
('15EE2001', 'E3', 'YADAV SUSHEN SHEKHAR KALYANI', 'E', 58, 48, 66, 172, 445, 300, 650, 68.47, 93, 467, 93, 467, 100, 'Thane', 'Computer Science', 0, 'HINDI', 2015),
('15EE2002', 'E1', 'RAMADWAR ADITI RAVINDRA MUKTA', 'E', 51, 63, 43, 157, 434, 300, 650, 66.77, 71, 381, 71, 381, 100, 'Mumbai-City', 'Electronics', 0, 'MARATHI', 2015),
('15EE2003', 'D2', 'MORE NIRAJ MAHADEO SANGEETA', 'E', 48, 65, 43, 156, 365, 300, 650, 56.16, 97, 367, 97, 367, 100, 'Raigad', '', 0, 'MARATHI', 2015),
('15EE2004', 'C3', 'KAMBLI MOHNISH NARENDRA NEHA', 'E', 55, 56, 64, 175, 440, 300, 650, 67.7, 133, 455, 133, 455, 100, 'Raigad', 'Computer Science', 0, 'HINDI', 2015),
('15EE2005', 'D1', 'KHAIRNAR RAHUL SUNIL SANGEETA', 'E', 72, 61, 48, 181, 355, 300, 500, 71, 73, 383, 73, 383, 100, 'Thane', '', 0, 'MARATHI', 2015),
('15EE2006', 'D1', 'KHAN WASIM SHAHNAWAZ SHAHEEN', 'E', 55, 45, 75, 175, 441, 300, 650, 67.85, 104, 397, 104, 397, 100, 'Mumbai-City', 'Electronics', 0, 'HINDI', 2015),
('15EE2007', 'C1', 'BAGWE AKSHAY SATYAVIJAY SADHANA', 'E', 52, 50, 58, 0, 0, 300, 650, 0, 126, 481, 126, 481, 100, 'Thane', 'Computer Science', 0, 'MARATHI', 2015),
('15EE2008', 'E1', 'SAWANT AAKASH ARUN SANGITA', 'E', 35, 40, 74, 165, 375, 300, 650, 57.7, 124, 476, 124, 476, 100, 'Mumbai-City', 'Computer Science', 0, 'marathi', 2015),
('15EE2009', 'E1', 'SHARMA POONAM MAHESH ANURADHA', 'E', 53, 51, 47, 151, 390, 300, 650, 60, 130, 465, 130, 465, 100, 'Thane', 'Computer Science', 0, 'hindi', 2015),
('15EE2010', 'C2', 'PAWAR SHUBHAM PRAMOD ASHWINI', 'E', 49, 0, 38, 155, 367, 300, 650, 56.47, 137, 462, 137, 462, 100, 'Mumbai-City', '', 0, 'MARATHI', 2015),
('15EE2011', 'C2', 'SUBHEDAR MIHIR HEMANT PRAGATI', 'E', 49, 49, 42, 152, 336, 300, 650, 51.7, 104, 532, 104, 532, 100, 'Mumbai-City', 'Electronics', 0, 'MARATHI', 2015),
('15EE2012', 'C1', 'CHAVAN SHUBHAM SUNIL ARCHANA', 'E', 79, 61, 74, 214, 513, 300, 650, 78.93, 127, 473, 127, 473, 100, 'Thane', '', 0, 'marathi', 2015),
('15EE2013', 'C2', 'KHOT SHARAD UTTAM ASHA', 'E', 63, 55, 80, 198, 460, 300, 650, 70.77, 94, 357, 94, 357, 100, 'Sangli', '', 0, 'MARATHI', 2015),
('15EE7001', 'M2', 'NISHAD SHUBHAM RAJESH LATA', 'E', 85, 80, 81, 246, 431, 300, 500, 86.2, 91, 456, 100, 500, 91.2, 'Thane', 'Computer Science', 0, 'HINDI', 2015),
('15EE7002', 'M3', 'PATIL SIMRAN AJAY PALLAVI', 'E', 56, 58, 76, 190, 457, 300, 650, 70.31, 144, 505, 150, 550, 91.82, 'Thane', 'Electronics', 53.9883, 'MARATHI', 2015),
('15EE7003', 'M2', 'NAIR NIKITA SANTOSH CHITRA', 'E', 74, 65, 79, 218, 480, 300, 650, 73.85, 139, 515, 150, 550, 93.64, 'Thane', 'Electronics', 71.66, 'MALAYALAM', 2015),
('15EE7004', 'M3', 'PATIL TEJASHREE DNYANESHWAR ARCHANA', 'E', 56, 57, 58, 171, 445, 300, 650, 68.47, 105, 410, 150, 500, 82, 'Thane', 'Computer Science', 73.46, 'marathi', 2015),
('15EE7005', 'M1', 'GAWADE OMKAR GANESH NALINI', 'E', 47, 50, 46, 158, 380, 300, 650, 58.47, 119, 433, 150, 550, 78.73, 'Thane', 'Electronics', 45.89, 'MARATHI', 2015),
('15EE7006', 'M1', 'CHICHKAR PRANESH DEVENDRA RAJ', 'E', 49, 48, 52, 171, 408, 300, 650, 62.77, 129, 482, 150, 550, 87.64, 'Mumbai-City', 'Computer Science', 50.91, 'MARATHI', 2015),
('15EE7007', 'M1', 'BIJAGARE SAMIKSHA DILIP VIJAYA', 'E', 73, 70, 72, 215, 350, 300, 500, 70, 97, 535, 100, 0, 0, 'Thane', 'Computer Science', 49.5845, 'MARATHI', 2015),
('15EE7008', 'M2', 'MANKAR PRACHI BHALCHANDRA MAMATA', 'E', 71, 75, 72, 218, 503, 300, 650, 77.39, 140, 496, 150, 550, 90.19, 'Raigad', '', 73.46, 'MARATHI', 2015),
('15EE7009', 'M2', 'KANDAMPULLY ANAMIKA AJITHAKUMAR PRINCY', 'E', 62, 61, 50, 173, 353, 300, 500, 70.6, 85, 408, 100, 500, 81.6, 'Thane', '', 0, 'MALAYALAM', 2015),
('15EE7010', 'M1', 'BHOIR MOHIT SANTOSH SHRUTI', 'E', 43, 49, 42, 145, 375, 300, 650, 57.7, 88, 407, 150, 500, 81.4, 'Thane', 'Electronics', 48.5316, 'marathi', 2015),
('15EE7011', 'M3', 'PATIL ABHIDNYA PRAKASH TWARITA', 'E', 44, 51, 49, 144, 381, 300, 650, 58.62, 121, 463, 150, 550, 84.19, 'Mumbai-City', '', 48.8854, 'MARATHI', 2015),
('15EE7012', 'M2', 'LAD NIKHIL BHIVAJI BHAVANA', 'E', 59, 61, 69, 189, 487, 300, 650, 74.93, 118, 439, 150, 500, 87.8, 'Thane', 'Computer Science', 71.9585, 'MARATHI', 2015),
('15EE7013', 'M3', 'SHITUT AKSHAY DEVDATTA PARNIKA', 'E', 39, 49, 49, 156, 399, 300, 650, 61.39, 133, 471, 150, 500, 94.2, 'Mumbai-City', 'Electronics', 0, 'MARATHI', 2015),
('15EE7014', 'M2', 'NANDI RIYA SOMNATH SAMPA', 'E', 85, 94, 69, 248, 429, 300, 500, 85.8, 82, 429, 100, 500, 85.8, 'Raigad', '', 73.41, 'BENGALI', 2015),
('15EE7015', 'M2', 'JOSHI KUNAL SACHIN SHRADDHA', 'E', 69, 60, 88, 217, 526, 300, 650, 80.93, 83, 420, 100, 500, 84, 'Thane', 'Electrical Maintenance', 63.18, 'MARATHI', 2015),
('15EE7016', 'M2', 'MHATRE SANKET RAMESH SARITA', 'E', 42, 42, 44, 151, 351, 300, 650, 54, 99, 385, 150, 500, 77, 'Raigad', 'Computer Science', 46.62, 'MARATHI', 2015),
('15EE7017', 'M2', 'KINKAR BHAGYASHREE KAILAS LEENA', 'E', 49, 60, 57, 166, 447, 300, 650, 68.77, 107, 429, 150, 550, 78, 'Thane', 'Computer Science', 44.411, 'MARATHI', 2015),
('15EE7018', 'M1', 'DESHMUKH SAYLI SOMESHWAR VANDANA', 'E', 74, 69, 71, 214, 508, 300, 650, 78.16, 130, 484, 150, 550, 88, 'Thane', 'Computer Science', 73.9728, 'MARATHI', 2015),
('15EE7019', 'M3', 'SAWAKARE SUMEET SHASHIKANT SUNITA', 'E', 69, 44, 59, 172, 446, 300, 650, 68.62, 114, 412, 150, 550, 74.91, 'Thane', 'Computer Science', 49.6875, 'MARATHI', 2015),
('15EE7020', 'M3', 'SAWDEKAR YASH SUDHIR NEELIMA', 'E', 73, 63, 82, 218, 536, 300, 650, 82.47, 145, 506, 150, 550, 92, 'Mumbai-City', 'Electrical Maintenance', 0, 'MARATHI', 2015),
('15EE7021', 'M1', 'AMBRE SAURABH SHIVAJI SNEHAL', 'E', 64, 64, 72, 200, 446, 300, 650, 68.62, 136, 476, 150, 550, 86.55, 'Thane', '', 73.0998, 'MARATHI', 2015),
('15EE7022', 'K2', 'MAPKAR SALIM AKBAR REHANA', 'E', 79, 80, 80, 239, 393, 300, 500, 78.6, 84, 403, 100, 500, 80.6, 'Thane', '', 80.94, 'URDU', 2015),
('15EE7023', 'M2', 'KAMAT SHAUNAKI VIKAS PRIYAL', 'E', 52, 59, 47, 158, 388, 300, 650, 59.7, 119, 427, 150, 550, 77.64, 'North Goa', '', 0, 'Konkani', 2015),
('15EE7024', 'M3', 'POTNIS JAY UDAY SUCHITA', 'E', 66, 66, 82, 214, 514, 300, 650, 79.08, 134, 488, 150, 550, 88.73, 'Thane', 'Computer Science', 62.7418, 'MARATHI', 2015),
('15EE7025', 'M1', 'JADHAV RAHUL GOPAL SANGEETA', 'E', 43, 48, 45, 141, 346, 300, 650, 53.24, 94, 347, 150, 500, 69.4, 'Mumbai-City', 'Electronics', 0, 'MARATHI', 2015),
('15EE7026', 'M3', 'SALUNKHE ADITI PRAKASH SAVITA', 'E', 68, 73, 80, 221, 510, 300, 650, 78.47, 137, 503, 150, 550, 91.46, 'Thane', 'Computer Science', 67.63, 'marathi', 2015),
('15EE7027', 'M2', 'KESARE PRANALI PRAKASH UNNATI', 'E', 62, 58, 64, 184, 456, 300, 650, 70.16, 141, 498, 150, 550, 90.55, 'Thane', 'Electronics', 66.2582, 'marathi', 2015),
('15EE7028', 'M3', 'YADAV NITESHKUMAR SAJJANSINGH MUKESHDEVI', 'E', 88, 84, 73, 245, 413, 300, 500, 82.6, 83, 370, 100, 500, 74, 'Raigad', 'Computer Science', 64.4355, 'HINDU', 2015),
('15EE7029', 'M3', 'SHARAN ANAND BIVASH SAVITA', 'E', 71, 66, 63, 200, 421, 300, 650, 64.77, 134, 483, 150, 550, 87.82, 'Thane', '', 67.8889, 'HINDI', 2015),
('15EE7030', 'M1', 'DHUMAL SNEHA DEEPAK RAJINI', 'E', 74, 72, 70, 216, 530, 300, 650, 81.54, 131, 505, 150, 550, 91.82, 'Thane', 'Computer Science', 61.8175, 'MARATHI', 2015),
('15EE7031', 'M1', 'CHOUDHARI YASH VIKAS NAMRATA', 'E', 54, 46, 51, 151, 422, 300, 650, 64.93, 110, 420, 150, 550, 76.37, 'Mumbai-City', '', 31.04, 'MARATHI', 2015),
('15EE7032', 'M2', 'MORE NISHIKESH DEVIDAS LATA', 'E', 39, 51, 45, 143, 344, 300, 650, 52.93, 95, 375, 150, 550, 68.19, 'Thane', '', 28.51, 'MARATHI', 2015),
('15EE7033', 'M1', 'BORWANKAR RUCHA SUNILDUTTA SHRUTI', 'E', 81, 71, 70, 222, 490, 300, 650, 75.39, 133, 495, 150, 550, 90, 'Thane', 'Electronics', 65.187, 'MARATHI', 2015),
('15EE7034', 'M2', 'PANDYA ANIRUDDH AKHIL SHELLY', 'E', 83, 75, 77, 235, 386, 300, 500, 77.2, 82, 424, 100, 500, 84.8, 'Raigad', 'Computer Science', 0, 'HINDI', 2015),
('15EE7035', 'M1', 'DARNE NEEL MANOJ SHARDA', 'E', 56, 58, 61, 175, 456, 300, 650, 70.16, 133, 481, 150, 550, 87.46, 'Thane', 'Electronics', 0, 'MARATHI', 2015),
('15EE7036', 'M3', 'TAJANE SWAPNIL SURYAKANT SADHANA', 'E', 35, 40, 44, 119, 340, 300, 650, 52.31, 58, 356, 150, 500, 71.2, 'Mumbai-City', 'Mechanical Maintenance', 14.7458, 'MARATHI', 2015),
('15EE7037', 'M1', 'GAIKWAD ADITYA MUKUND ASHA', 'E', 40, 45, 44, 136, 349, 300, 650, 53.7, 101, 408, 150, 500, 81.6, 'Thane', '', 27.11, 'MARATHI', 2015),
('15EE7038', 'M3', 'THAKUR JAYESH LLESHWAR DAMAYANTI', 'E', 56, 65, 56, 177, 491, 300, 650, 75.54, 130, 487, 150, 550, 88.55, 'Thane', 'Computer Science', 63.4856, 'MARATHI', 2015),
('15EE7039', 'M1', 'BANGERA ANUSHA DINKAR SHASHI PRABHA', 'E', 60, 57, 74, 191, 460, 300, 650, 70.77, 123, 432, 150, 550, 78.55, 'Mumbai-City', '', 63.2959, 'MALAYALAM', 2015),
('15EE7040', 'M2', 'KOTHARI SANKET SURESH SANTOSH', 'E', 42, 54, 55, 151, 398, 300, 650, 61.24, 146, 500, 150, 550, 90.91, 'Mumbai-City', 'Electronics', 63.5442, 'GUJRATHI', 2015),
('15EE7041', 'M3', 'PATIL MIHIR SUNIL MADHURI', 'E', 72, 59, 69, 200, 505, 300, 650, 77.7, 83, 517, 150, 550, 94, 'Thane', 'Electrical Maintenance', 65.4241, 'MARATHI', 2015),
('15EE7042', 'M3', 'UPADHYAY ARADHYA SARVESH KRITI', 'E', 85, 87, 65, 237, 393, 300, 500, 78.6, 76, 468, 100, 550, 85.1, 'Thane', 'Computer Science', 0, 'Hindi', 2015),
('15EE7043', 'M1', 'ARYA SHATAKSHI SANJAY KUMAR SARITA', 'E', 69, 63, 78, 210, 534, 300, 650, 82.16, 81, 418, 100, 500, 83.6, 'Mumbai-City', 'Electrical Maintenance', 58.2874, 'HINDI', 2015),
('15EE7044', 'M2', 'MULANI YUSUF NAZIR MUMTAJ', 'E', 40, 55, 46, 166, 356, 300, 650, 54.77, 88, 340, 150, 550, 61.82, 'Mumbai-City', 'Computer Science', 23.8653, 'HINDI', 2015),
('15EE7045', 'M2', 'NIKAM  AISHWARYA RAJESH SHASHIKALA', 'E', 58, 60, 71, 189, 439, 300, 650, 67.54, 102, 400, 150, 500, 80, 'Thane', '', 62.7682, 'MARATHI', 2015),
('15EE7046', 'M3', 'PARIKH JAY HARESH CHHAYA', 'E', 62, 53, 55, 170, 450, 300, 650, 69.24, 124, 445, 150, 550, 80.91, 'Thane', 'Electronics', 67.8872, 'GUJARATI', 2015),
('15EE7047', 'M1', 'JADHAV KUNAL RAVINDRA VISHAKHA', 'E', 35, 39, 51, 146, 360, 300, 650, 55.39, 121, 431, 150, 550, 78.37, 'Thane', 'Computer Science', 26.3549, 'MARATHI', 2015),
('15EE7048', 'M2', 'MOHITE SARVESH MILIND NAYANA', 'E', 77, 58, 66, 201, 481, 300, 650, 74, 123, 469, 150, 550, 85.28, 'Mumbai-City', 'Electronics', 0, 'MARATHI', 2015),
('15EE7049', 'M1', 'DWIVEDI  VIVEK SURESH KUMAR JYANDEVI', 'E', 39, 43, 44, 126, 371, 300, 650, 57.08, 110, 394, 150, 550, 71.64, 'Mumbai-City', '', 0, 'HINDI', 2015),
('15EE7050', 'M3', 'SHENDE PARITOSH BHARAT KIRAN', 'E', 45, 38, 56, 162, 368, 300, 650, 56.62, 136, 457, 150, 550, 83.1, 'Thane', 'Electronics', 32, 'MARATHI', 2015),
('15EE7051', 'M3', 'WAGLE ADITYA DEVDAS PUSHPA', 'E', 62, 57, 70, 189, 461, 300, 650, 70.93, 128, 486, 128, 486, 100, 'Thane', 'Computer Science', 0, 'KONKANI', 2015),
('15EE7052', 'M1', 'DALVI NINAD RAJU SMITA', 'E', 57, 56, 64, 177, 408, 300, 650, 62.77, 119, 466, 119, 466, 100, 'Thane', '', 0, 'MARATHI', 2015),
('15EE7053', 'M3', 'MALUNJKAR RUTUJA SURESH MANGAL', 'E', 54, 54, 72, 180, 339, 300, 650, 52.16, 136, 550, 136, 550, 100, 'Thane', 'Computer Science', 0, 'Marathi', 2015),
('15EE7054', 'M3', 'IYER ADITYAN JAYARAMAN BHUVANESHWARI', 'E', 52, 46, 56, 154, 394, 300, 650, 60.62, 110, 394, 110, 394, 100, 'Thane', '', 0, 'TAMIL', 2015),
('15EE7055', 'M2', 'SHELAR NIMISH NISHIKANT AKSHATA', 'E', 42, 44, 50, 158, 366, 300, 650, 56.31, 71, 382, 71, 382, 100, 'Thane', 'Computer Science', 0, 'MARATHI', 2015),
('15EE7056', 'M3', 'NAIK SIDDHESH SANJAYKUMAR BHAVANA', 'E', 65, 74, 49, 188, 328, 300, 500, 65.6, 88, 437, 88, 437, 100, 'Thane', '', 0, 'gujarati', 2015),
('15EE7057', 'M3', 'SAWANT SNEHA RAHUL JAGANNATH VANITA', 'E', 39, 47, 49, 141, 354, 300, 650, 54.47, 125, 421, 125, 421, 100, 'Mumbai-City', '', 0, 'MARATHI', 2015),
('15EE7058', 'M2', 'SAWANT TEJAS RAHUL VANITA', 'E', 59, 48, 54, 161, 405, 300, 650, 62.31, 129, 436, 129, 436, 100, 'Mumbai-City', '', 0, 'Marathi', 2015),
('15EE7059', 'M2', 'MANE PRATHAMESH TUKARAM PUSHPALATA', 'E', 50, 53, 48, 151, 368, 300, 650, 56.62, 135, 580, 135, 580, 100, 'Mumbai-City', 'Computer Science', 0, 'marathi', 2015),
('15EE7060', 'M2', 'JAISWAL SHUBHAM DEEPAK DHARMASHEELA', 'E', 63, 49, 52, 164, 408, 300, 650, 62.77, 127, 442, 127, 442, 100, 'Thane', '', 0, 'HINDI', 2015),
('15EE7061', 'M2', 'TAK VAIBHAV  HIMESH  PANKAJ', 'E', 58, 70, 33, 161, 291, 300, 500, 58.2, 40, 230, 40, 230, 100, 'Jodhpur', '', 0, 'HINDI', 2015),
('15ET1001', 'I3', 'MHATRE SUVIDYA SUBHASH SUMATI', 'X', 87, 84, 91, 262, 562, 300, 650, 86.47, 145, 530, 150, 550, 96.37, 'Raigad', '', 87.31, 'MARATHI', 2015),
('15ET1002', 'H2', 'BHOGE HEMANGI SANJAY SANJANA', 'X', 74, 54, 83, 0, 453, 300, 650, 69.7, 128, 456, 150, 500, 91.2, 'Mumbai-City', '', 71.223, 'MARATHI', 2015),
('15ET1003', 'I2', 'KULKARNI PRAJAKTA BINDUMADHAV BHARATI', 'X', 85, 78, 82, 245, 535, 300, 650, 82.31, 145, 528, 150, 550, 96, 'Thane', 'Electronics', 89.11, 'MARATHI', 2015),
('15ET1004', 'H2', 'DESHMUKH PALASH ANIL ANJALI', 'X', 51, 45, 51, 0, 365, 300, 650, 56.16, 71, 340, 100, 500, 68, 'Gadchiroli', '', 40.3081, 'MARATHI', 2015),
('15ET1005', 'J3', 'TELI SOHEB HANIF MEHRUN', 'X', 90, 86, 83, 259, 570, 300, 650, 87.7, 147, 491, 150, 550, 89.28, 'Thane', '', 0, 'HINDI', 2015),
('15ET1006', 'H3', 'GOKARNKAR   KOMAL BHASKAR  BHAGYASHREE', 'X', 64, 61, 79, 0, 502, 300, 650, 77.24, 146, 515, 150, 550, 93.64, 'Mumbai-City', 'Computer Science', 66.8843, 'MARATHI', 2015),
('15ET1007', 'H1', 'ALSHI SANJANA ABHIJIT NEHA', 'X', 84, 77, 84, 0, 527, 300, 650, 81.08, 143, 508, 150, 550, 92.37, 'Thane', 'Computer Science', 0, 'MARATHI', 2015),
('15ET1008', 'J2', 'SHIROLE VAIBHAV LAXMAN MANISHA', 'X', 67, 66, 64, 197, 472, 300, 650, 72.62, 141, 476, 150, 550, 86.55, 'Thane', '', 82.8119, 'marathi', 2015),
('15ET1009', 'H2', 'BHARANE PRATIK MAHENDRA RAMA', 'X', 50, 60, 54, 164, 439, 300, 650, 67.54, 93, 394, 150, 500, 78.8, 'Aurangabad', '', 48.0297, 'MARATHI', 2015),
('15ET1010', 'J3', 'UPADHYAY SWAYAM AJAY LALITA', 'X', 61, 60, 81, 202, 474, 300, 650, 72.93, 74, 442, 150, 0, 0, 'Aurangabad', 'Electronics', 66.4771, 'HINDI', 2015),
('15ET1011', 'J2', 'SHENDGE DIVYA  AJAY JYOTI', 'X', 58, 61, 65, 184, 484, 300, 650, 74.47, 130, 483, 150, 550, 87.82, 'Thane', 'Computer Science', 49.3187, 'MARATHI', 2015),
('15ET1012', 'H3', 'GUPTA PRATIBHA  ARVIND SANDHYA', 'X', 86, 84, 88, 258, 570, 300, 650, 87.7, 135, 475, 150, 550, 86.37, 'Raigad', 'Computer Science', 93.2951, 'HINDI', 2015),
('15ET1013', 'H1', 'ARJUN NIKHIL RAMESH SUREKHA', 'X', 48, 43, 48, 174, 400, 300, 650, 61.54, 96, 380, 150, 0, 0, 'Raigad', 'Electronics', 48.3539, 'MARATHI', 2015),
('15ET1014', 'J1', 'PATIL SWAPNIL SHIVAJI MANGAL', 'X', 56, 67, 69, 192, 422, 300, 650, 64.93, 106, 392, 150, 550, 71.28, 'Raigad', '', 66.0137, 'marathi', 2015),
('15ET1015', 'J2', 'DESHMUKH SHIVANI JAYANT SANGITA', 'X', 74, 72, 83, 229, 532, 300, 650, 81.85, 135, 505, 150, 550, 91.82, 'Raigad', 'Computer Science', 88.6797, 'MARATHI', 2015),
('15ET1016', 'J1', 'PATIL DAKSHA SHASHIKANT SANJALI', 'X', 41, 55, 64, 160, 448, 300, 650, 68.93, 135, 450, 150, 550, 81.82, 'Ahmednagar', '', 68.2941, 'MARATHI', 2015),
('15ET1017', 'I1', 'KARANDE AKSHAY SURESH SANGITA', 'X', 53, 67, 77, 197, 488, 300, 650, 75.08, 146, 504, 150, 550, 91.64, 'Mumbai-City', '', 74.9601, 'MARATHI', 2015),
('15ET1018', 'H1', 'BARGALE YATIN SHRIKRISHNA SHRIYA', 'X', 86, 75, 95, 256, 561, 300, 650, 86.31, 145, 520, 150, 550, 94.55, 'Thane', 'Computer Science', 94, 'MARATHI', 2015),
('15ET1019', 'J1', 'RINI CASSANDRA  T JESUDASAN MAYBEL', 'X', 81, 84, 90, 255, 554, 300, 650, 85.24, 133, 500, 150, 550, 90.91, 'Raigad', 'Computer Science', 85.242, 'TAMIL', 2015),
('15ET1020', 'H3', 'GAIKWAD VINITA SUNIL SHUBHADA', 'X', 74, 87, 80, 241, 432, 300, 500, 86.4, 94, 456, 100, 0, 0, 'Mumbai-City', '', 78.7923, 'MARATHI', 2015),
('15ET1021', 'H1', 'BANGERA PRAJOTH NIRANJAN SULEKHA', 'X', 83, 77, 71, 231, 525, 300, 650, 80.77, 81, 452, 100, 500, 90.4, 'Thane', 'Computer Science', 82.4814, 'TULU', 2015),
('15ET1022', 'H3', 'DHOBLEY EKTA PRADEEP PRANITA', 'X', 66, 59, 82, 207, 515, 300, 650, 79.24, 91, 446, 100, 500, 89.2, 'Mumbai-City', 'Electrical Maintenance', 85.1426, 'MARATHI', 2015),
('15ET1023', 'H2', 'DESAI ADVAIT SHRIDHAR SHRIDHAR', 'X', 81, 80, 80, 241, 558, 300, 650, 85.85, 129, 491, 150, 550, 89.28, 'Thane', 'Computer Science', 83.2554, 'MARATHI', 2015),
('15ET1024', 'I2', 'LOHAR KOMAL SANJAY VASANTI', 'X', 61, 54, 71, 186, 458, 300, 650, 70.47, 125, 452, 150, 550, 82.19, 'Raigad', 'Electronics', 44.18, 'MARATHI', 2015),
('15ET1025', 'I2', 'KATKE POOJA DILIP RAU', 'X', 52, 51, 53, 156, 420, 300, 650, 64.62, 114, 521, 150, 500, 104.2, 'Latur', '', 44.64, 'marathi', 2015),
('15ET1026', 'J3', 'THAKUR VIRAJ SUDHIR SUNETRA', 'X', 92, 70, 89, 251, 539, 300, 650, 82.93, 139, 516, 150, 550, 93.82, 'Sindudurg', '', 0, 'marathi', 2015),
('15ET1027', 'H2', 'DAS SAGNIK SNEHAMOY SANGITA', 'X', 95, 84, 91, 270, 441, 300, 500, 88.2, 93, 458, 100, 500, 91.6, 'Raigad', 'Computer Science', 85.6967, 'BENGALI', 2015),
('15ET1028', 'I1', 'JAKHOTIA SMIT SANJAY MANISHA', 'X', 60, 59, 61, 180, 448, 300, 650, 68.93, 72, 382, 100, 500, 76.4, 'Pune', 'Electronics', 60.7461, 'MARWADI', 2015),
('15ET1029', 'H2', 'DHANDARE ABHISHEK ANIL SUNITA', 'X', 69, 74, 91, 234, 463, 300, 650, 71.24, 134, 506, 150, 550, 92, 'Thane', '', 79.492, 'MARATHI', 2015),
('15ET1030', 'J3', 'ZOPE DARSHANI HITENDRA SADHANA', 'X', 67, 56, 50, 173, 439, 300, 650, 67.54, 117, 424, 150, 550, 77.1, 'Thane', 'Computer Science', 72.5565, 'MARATHI', 2015),
('15ET1031', 'J1', 'PAWAR MONIKA PRAKASH SAVITA', 'X', 46, 54, 45, 146, 379, 300, 650, 58.31, 97, 373, 150, 500, 74.6, 'Thane', '', 46.3328, 'marathi', 2015),
('15ET1032', 'H2', 'INANI PRATYAKSH ASHOK LEENA', 'X', 78, 93, 76, 247, 395, 300, 500, 79, 91, 468, 100, 500, 93.6, 'Thane', 'Computer Science', 0, 'HINDI', 2015),
('15ET1033', 'I3', 'NADARGE TUSHAR BALAJI ANJALI', 'X', 38, 41, 37, 138, 326, 300, 650, 50.16, 93, 426, 150, 500, 85.2, 'Latur', 'Computer Science', 17.3059, 'MARATHI', 2015),
('15ET1034', 'H1', 'BHABHE ADITYA MILIND MANASI', 'X', 66, 64, 68, 198, 495, 300, 650, 76.16, 131, 477, 150, 550, 86.73, 'Mumbai-City', 'Electrical Maintenance', 83.04, 'MARATHI', 2015),
('15ET1035', 'I3', 'MENON VINEET VINOD PRIYA', 'X', 92, 58, 92, 242, 528, 300, 650, 81.24, 130, 482, 150, 550, 87.64, 'Mumbai-City', 'Computer Science', 86.6778, 'MALAYALAM', 2015),
('15ET1036', 'H2', 'DAVANE TEJALI JAYWANT JAYSHREE', 'X', 75, 69, 86, 230, 465, 300, 650, 71.54, 146, 511, 150, 550, 92.91, 'Thane', '', 89.6267, 'MARATHI', 2015),
('15ET1037', 'I1', 'HALDAR SHUBHAM MADAN SUTAPA', 'X', 86, 94, 70, 250, 440, 300, 500, 88, 91, 465, 100, 500, 93, 'Raigad', '', 73.0691, 'BENGALI', 2015),
('15ET1038', 'H1', 'AVHAD ROHINI DASHRATH SANGITA', 'X', 61, 58, 68, 187, 468, 300, 650, 72, 119, 464, 150, 500, 92.8, 'Mumbai-City', '', 68.2105, 'MARATHI', 2015),
('15ET1039', 'J1', 'PATIL AKSHAY LAXMAN RANJANA', 'X', 51, 62, 58, 171, 434, 300, 650, 66.77, 130, 459, 150, 550, 83.46, 'Raigad', 'Computer Science', 71.4704, 'MARATHI', 2015),
('15ET1040', 'J2', 'SHENDAGE SHRUTI BALASAHEB SINDHUTAI', 'X', 60, 66, 76, 202, 443, 300, 650, 68.16, 108, 411, 150, 550, 74.73, 'Sangli', '', 48.8803, 'MARATHI', 2015),
('15ET1041', 'H3', 'GOSAVI RUPESH ARVIND JAYSHREE', 'X', 77, 69, 90, 236, 517, 300, 650, 79.54, 134, 496, 150, 550, 90.19, 'Mumbai-City', 'Electronics', 85.21, 'MARATHI', 2015),
('15ET1042', 'I2', 'LOHKARE BHAGYASHREE MADHUKAR MANISHA', 'X', 94, 92, 93, 279, 465, 300, 500, 93, 97, 451, 100, 500, 90.2, 'Thane', '', 0, 'MARATHI', 2015),
('15ET1043', 'J3', 'SONAWANE RIDDESH RAJESAHEB SANDHYA', 'X', 79, 67, 73, 219, 496, 300, 650, 76.31, 128, 488, 150, 550, 88.73, 'Thane', 'Electronics', 82.37, 'MARATHI', 2015),
('15ET1044', 'I1', 'KAMBLI RAHUL RAJEEV RASHMI', 'X', 80, 74, 88, 242, 529, 300, 650, 81.39, 138, 495, 150, 550, 90, 'Thane', 'Computer Science', 0, 'MARATHI', 2015),
('15ET1045', 'I1', 'JADHAV PRABHAT PREMRATNA MADHURI', 'X', 78, 69, 71, 218, 514, 300, 650, 79.08, 117, 437, 150, 550, 79.46, 'Thane', 'Computer Science', 90.31, 'MARATHI', 2015),
('15ET1046', 'J2', 'SAURAV KUMAR SANJAY KUMAR MADHULIKA', 'X', 86, 82, 86, 254, 429, 300, 500, 85.8, 94, 467, 100, 500, 93.4, 'Thane', 'Computer Science', 84.8164, 'HINDI', 2015),
('15ET1047', 'H1', 'BANGAR CHAITANYA DAGADU SUMAN', 'X', 39, 48, 59, 156, 370, 300, 650, 56.93, 108, 418, 150, 500, 83.6, 'Mumbai-City', '', 65.6796, 'MARATHI', 2015),
('15ET1048', 'J2', 'SHELEKAR DIVYA  CHAITRAM LEELA', 'X', 40, 59, 65, 164, 398, 300, 650, 61.24, 119, 473, 150, 550, 86, 'Raigad', 'Computer Science', 46.7187, 'MARATHI', 2015),
('15ET1049', 'I2', 'LADHE VIVEK LILADHAR SANDHYA', 'X', 69, 65, 88, 222, 514, 300, 650, 79.08, 143, 507, 150, 550, 92.19, 'Thane', 'Computer Science', 75.0792, 'marathi', 2015),
('15ET1050', 'J1', 'ROGYE ASHUTOSH ASHOK ASMITA', 'X', 77, 65, 73, 215, 508, 300, 650, 78.16, 85, 415, 100, 500, 83, 'Thane', 'Electronics', 85.4, 'MARATHI', 2015),
('15ET1051', 'J1', 'RASTOGI PRATIK SUDHIR JYOTI', 'X', 53, 72, 75, 200, 497, 300, 650, 76.47, 87, 437, 100, 500, 87.4, 'Aurangabad', 'Computer Science', 870.65, 'HINDI', 2015),
('15ET1052', 'I3', 'MHARSE KETAN KISAN SAVITA', 'X', 66, 67, 75, 208, 484, 300, 650, 74.47, 118, 435, 150, 500, 87, 'Thane', '', 84.5847, 'marathi', 2015),
('15ET1053', 'J2', 'SHENOY MANTHAN VENKATARAMANA VIDYA', 'X', 77, 63, 92, 232, 507, 300, 650, 78, 81, 409, 100, 500, 81.8, 'Mumbai-City', '', 0, 'KONKANI', 2015),
('15ET1054', 'I3', 'MAGAR VAIBHAV SHIVAJI', 'X', 90, 63, 74, 227, 499, 300, 650, 76.77, 134, 492, 150, 550, 89.46, 'Thane', 'Computer Science', 84.4037, 'MARATHI', 2015),
('15ET1055', 'I3', 'PARANDE UNNATEE SARJERAO ANJALI', 'X', 76, 96, 85, 0, 395, 300, 500, 79, 91, 450, 100, 500, 90, 'Thane', 'Computer Science', 83.699, 'MARATHI', 2015),
('15ET1056', 'H1', 'AVHAD AKSHADA SUKHADEV SUNANDA', 'X', 66, 48, 64, 178, 441, 300, 650, 67.85, 132, 485, 150, 550, 88.19, 'Raigad', '', 56.9303, 'MARATHI', 2015),
('15ET1057', 'H2', 'DEB PRAGNY APARAMITA  PARTHAPRATIM KOEL', 'X', 90, 78, 88, 256, 440, 300, 500, 88, 88, 442, 100, 500, 88.4, 'Thane', 'Computer Science', 85.2667, 'BANGALI', 2015),
('15ET1058', 'J1', 'PHALEBHAY AKANKSHA UDAY ASMITA', 'X', 72, 81, 73, 226, 503, 300, 650, 77.39, 132, 495, 150, 550, 90, 'Raigad', '', 90.3537, 'MARATHI', 2015),
('15ET1059', 'I1', 'KARADE SWAPNIL SHASHIKANT KAMAL', 'X', 49, 47, 64, 160, 400, 300, 650, 61.54, 103, 381, 150, 500, 76.2, 'Thane', '', 63.0375, 'MARATHI', 2015),
('15ET1060', 'J2', 'SHEWALE PRATIKSHA BHAGWAN SEEMA', 'X', 65, 62, 68, 190, 480, 300, 650, 73.85, 121, 452, 150, 500, 90.4, 'Thane', '', 79.3983, 'MARATHI', 2015),
('15ET1061', 'H3', 'GAJBHIYE NIHAL SATISH NILKAMAL', 'X', 87, 94, 87, 268, 431, 300, 500, 86.2, 87, 427, 100, 500, 85.4, 'Raigad', '', 82.8562, 'MARATHI', 2015),
('15ET1062', 'I1', 'HIRE SHWETA SURESH VIJAYA', 'X', 47, 52, 51, 150, 398, 300, 650, 61.24, 61, 341, 150, 500, 68.2, 'Thane', '', 62.67, 'MARATHI', 2015),
('15ET1063', 'I1', 'KANTHALE ALKESH SUDAMRAO ARCHANA', 'X', 45, 42, 49, 161, 370, 300, 650, 56.93, 114, 435, 150, 550, 79.1, 'Parbhani', 'Computer Science', 0, 'MARATHI', 2015),
('15ET1064', 'J3', 'YEOLEKAR HARSHAL ABHAY VIDYA', 'X', 40, 48, 59, 147, 390, 300, 650, 60, 129, 442, 150, 550, 80.37, 'Nashik', '', 31.0797, 'MARATHI', 2015),
('15ET1065', 'J2', 'SHIMPI ABHISHEK SUDAM ANITA', 'X', 72, 53, 62, 187, 480, 300, 650, 73.85, 110, 436, 150, 550, 79.28, 'Thane', 'Computer Science', 71.4019, 'MARATHI', 2015),
('15ET1066', 'I2', 'KELKAR ADITYA RAJENDRA KIRAN', 'X', 70, 61, 65, 196, 478, 300, 650, 73.54, 133, 476, 150, 550, 86.55, 'Thane', '', 63.1946, 'marathi', 2015),
('15ET1067', 'H1', 'BALA ABHINAV SHIVPAD LEELA', 'X', 74, 95, 80, 249, 435, 300, 500, 87, 97, 480, 100, 500, 96, 'Mumbai-City', 'Computer Science', 83.43, 'BENGALI', 2015),
('15ET1068', 'H1', 'BHALERAO ABHISHEK ATUL SHAILAJA', 'X', 59, 64, 68, 191, 467, 300, 650, 71.85, 123, 429, 150, 550, 78, 'Sholapur', 'Electronics', 59.4028, 'MARATHI', 2015),
('15ET1069', 'H1', 'AWASARE MUGDHA UDAY SUSHAMA', 'X', 82, 73, 70, 225, 521, 300, 650, 80.16, 91, 452, 100, 500, 90.4, 'Mumbai-City', 'Computer Science', 90.63, 'MARATHI', 2015),
('15ET1070', 'J3', 'SUTAR RUSHIKESH NAMDEV RUPA', 'X', 42, 46, 51, 139, 360, 300, 650, 55.39, 112, 451, 150, 500, 90.2, 'Kolhpur', '', 25.3921, 'marathi', 2015),
('15ET1071', 'J1', 'PILLAI APARNA RAVINDRAN REMA', 'X', 77, 68, 87, 232, 517, 300, 650, 79.54, 148, 522, 150, 550, 94.91, 'Thane', '', 84.895, 'malayalum', 2015),
('15ET1072', 'I1', 'JIGE PRATIKSHA MARUTI LAXMI', 'X', 55, 51, 64, 170, 384, 300, 650, 59.08, 107, 416, 150, 500, 83.2, 'Thane', 'Electronics', 50.291, 'MARATHI', 2015),
('15ET1073', 'H2', 'CHANDANSE AKASH RANJITSINH JYOTI', 'X', 62, 77, 79, 218, 504, 300, 650, 77.54, 120, 437, 150, 500, 87.4, 'Jalna', '', 64.6572, 'MARATHI', 2015),
('15ET1074', 'J1', 'PAWAR ABHISHEK SANJAY MANISHA', 'X', 53, 67, 80, 200, 501, 300, 650, 77.08, 143, 501, 150, 550, 91.1, 'Mumbai-City', 'Computer Science', 85.3227, 'MARATHI', 2015),
('15ET1075', 'I3', 'MANKAR KADAMBARI HIMMAT SUNITA', 'X', 77, 66, 60, 203, 475, 300, 650, 73.08, 122, 458, 150, 550, 83.28, 'Thane', '', 73.7252, 'MARATHI', 2015),
('15ET1076', 'H2', 'BHOIR PRANALI MORESHWAR ANITA', 'X', 72, 68, 82, 222, 485, 300, 650, 74.62, 122, 456, 150, 550, 82.91, 'Thane', '', 78.27, 'MARATHI', 2015),
('15ET1077', 'I2', 'KHAIRNAR SHUBHAM RAJESH JAYSHRI', 'X', 50, 56, 44, 150, 361, 300, 650, 55.54, 81, 359, 150, 500, 71.8, 'Jalgaon', 'Electronics', 37.44, 'MARATHI', 2015),
('15ET1078', 'I3', 'MALIK MAYAN UMESH PRABHA', 'X', 88, 95, 95, 278, 448, 300, 500, 89.6, 81, 426, 100, 500, 85.2, 'Raigad', '', 91.75, 'HINDI', 2015),
('15ET1079', 'J1', 'PATHARE SHLOK DILIP JAYASHREE', 'X', 57, 53, 60, 170, 423, 300, 650, 65.08, 121, 448, 150, 550, 81.46, 'Thane', '', 67.4147, 'MARATHI', 2015),
('15ET1080', 'J2', 'SINGH ASHISH SHREEGOPAL NIRDESH', 'X', 81, 56, 79, 216, 472, 300, 650, 72.62, 136, 474, 150, 550, 86.19, 'Thane', '', 87.0999, 'HINDI', 2015),
('15ET1081', 'I1', 'KAMBLE SANKET SHIVAJI JAYWANTI', 'X', 62, 61, 72, 195, 458, 300, 650, 70.47, 137, 483, 150, 550, 87.82, 'Mumbai-City', '', 61.7276, 'marathi', 2015),
('15ET1082', 'H2', 'DESALE ROSHNI PRAKASH UMA', 'X', 68, 56, 71, 195, 448, 300, 650, 68.93, 136, 463, 150, 550, 84.19, 'Raigad', '', 75.4305, 'marathi', 2015),
('15ET1083', 'J2', 'SHAKTIVEL ASHWINI KUMAR REETA', 'X', 61, 69, 73, 203, 479, 300, 650, 73.7, 144, 498, 150, 550, 90.55, 'Mumbai-City', '', 82.41, 'TAMIL', 2015),
('15ET1084', 'I2', 'KUMAR SAJITH SURESH SAJINI', 'X', 83, 75, 77, 235, 532, 300, 650, 81.85, 143, 505, 150, 550, 91.82, 'Thane', '', 87, 'MALAYALAM', 2015),
('15ET1085', 'H1', 'BANSODE SWATEJA SAWANT  VANDANA', 'X', 62, 59, 64, 185, 441, 300, 650, 67.85, 76, 390, 100, 500, 78, 'Raigad', '', 49.605, 'MARATHI', 2015),
('15ET1086', 'I2', 'KOT HARSHAD RAMESH NIRMALA', 'X', 40, 49, 62, 151, 390, 300, 650, 60, 139, 464, 150, 550, 84.37, 'Thane', 'Electronics', 61.64, 'MARATHI', 2015),
('15ET1087', 'H2', 'DATTAGUPTA PRADIPTO MANASH SHARMISTHA', 'X', 64, 58, 66, 188, 486, 300, 650, 74.77, 81, 418, 100, 500, 83.6, 'Thane', 'Computer Science', 81.32, 'BENGOLI', 2015),
('15ET1088', 'J1', 'PATHAK AISHWARYA NITIN VAIJAYANTI', 'X', 82, 83, 89, 254, 558, 300, 650, 85.85, 141, 525, 150, 550, 95.46, 'Thane', 'Computer Science', 91.67, 'MARATHI', 2015),
('15ET1089', 'H1', 'AMRUTHA ELIZABETH JOBI LIJI', 'X', 95, 93, 83, 271, 460, 300, 500, 92, 96, 469, 100, 500, 93.8, 'Thane', '', 0, 'MALAYALAM', 2015),
('15ET1090', 'J1', 'PATIL PRATIEK MADHUKAR BHARTI', 'X', 71, 84, 76, 231, 385, 300, 500, 77, 84, 438, 100, 500, 87.6, 'Raigad', '', 73.5298, 'MARATHI', 2015),
('15ET1091', 'J2', 'SADHU MALLIKA ASHISH KUMAR MITALI', 'X', 78, 91, 78, 247, 404, 300, 500, 80.8, 91, 460, 100, 500, 92, 'Raigad', 'Computer Science', 81.0921, 'BENGALI', 2015),
('15ET1092', 'I3', 'PANDEY AYUSH ASHOK SUNITA', 'X', 88, 78, 94, 260, 448, 300, 500, 89.6, 92, 551, 100, 550, 100.19, 'Thane', 'Computer Science', 0, 'HINDI', 2015),
('15ET1093', 'H1', 'BAGI AJIT KIRAN KANCHAN', 'X', 56, 61, 66, 183, 443, 300, 650, 68.16, 126, 478, 150, 550, 86.91, 'Dhule', '', 69.24, 'marathi', 2015),
('15ET1094', 'H1', 'ADHAV SACHIN DILIP SUREKHA', 'X', 41, 51, 63, 155, 438, 300, 650, 67.39, 111, 449, 150, 550, 81.64, 'Mumbai-City', 'Electrical Maintenance', 53.7593, 'MARATHI', 2015),
('15ET1095', 'I1', 'JUMDE SARTHAK VINOD VAISHALI', 'X', 64, 52, 52, 168, 438, 300, 650, 67.39, 86, 498, 100, 550, 90.55, 'Thane', '', 52.1147, 'MARATHI', 2015),
('15ET1096', 'I1', 'JADHAV MRUNAL SHRIDHAR SHRUTIKA', 'X', 69, 67, 71, 207, 477, 300, 650, 73.39, 135, 490, 150, 550, 89.1, 'Thane', 'Computer Science', 66.17, 'MARATHI', 2015),
('15ET1097', 'H3', 'GIRKAR  JAI ANAND MAMTA', 'X', 73, 62, 71, 206, 478, 300, 650, 73.54, 130, 480, 150, 550, 87.28, 'Mumbai-City', 'Electronics', 60.1795, 'MARATHI', 2015),
('15ET1098', 'H3', 'GAONKAR NISHANT SHRIKANT SUSHMA', 'X', 77, 66, 96, 239, 541, 300, 650, 83.24, 144, 502, 150, 550, 91.28, 'Mumbai-City', 'Electronics', 0, 'KONKANI', 2015),
('15ET1099', 'I1', 'MOTIWALE RONIT KULDEEP KIRTI', 'X', 83, 72, 82, 237, 547, 300, 650, 84.16, 142, 513, 150, 550, 93.28, 'Mumbai-City', 'Computer Science', 0, 'MARATHI', 2015),
('15ET1100', 'I3', 'NAMBIAR ASHWIN BHASKARAN PUSHPAJA', 'X', 86, 90, 85, 261, 435, 300, 500, 87, 96, 454, 100, 500, 90.8, 'Thane', 'Computer Science', 81.8309, 'MALAYALAM', 2015),
('15ET1101', 'J3', 'WAGHULE AKSHATA DATTATRAY SMITA', 'X', 78, 61, 64, 203, 461, 300, 650, 70.93, 126, 452, 150, 550, 82.19, 'Thane', '', 74.26, 'MARATHI', 2015),
('15ET1102', 'I2', 'KHADE MAHESH DATTATRAY SUNITA', 'X', 77, 69, 88, 234, 516, 300, 650, 79.39, 138, 486, 150, 550, 88.37, 'Raigad', 'Electronics', 86.0975, 'MARATHI', 2015),
('15ET1103', 'J3', 'SONKUSLE PIYUSH GANGADHAR ALKA', 'X', 51, 67, 58, 169, 444, 300, 650, 68.31, 111, 410, 150, 500, 82, 'Mumbai-City', '', 63.7492, 'MARATHI', 2015),
('15ET1104', 'J1', 'PATIL PRANAV PRADIP ROHINI', 'X', 78, 73, 84, 235, 518, 300, 650, 79.7, 144, 516, 150, 550, 93.82, 'Thane', 'Electronics', 85.4906, 'MARATHI', 2015),
('15ET1105', 'J3', 'TAWADE SHUBHAM RATNOJI RATNAPRABHA', 'X', 68, 57, 82, 207, 486, 300, 650, 74.77, 135, 469, 150, 550, 85.28, 'Thane', 'Computer Science', 82.6083, 'MARATHI', 2015),
('15ET1106', 'J2', 'SHENDE MUDITA NARESH NANDINI', 'X', 38, 54, 65, 157, 398, 300, 650, 61.24, 128, 482, 150, 550, 87.64, 'Thane', '', 64.7986, 'MARATHI', 2015),
('15ET1107', 'J2', 'SINGH ABHISHEK PRAVIND MANJU', 'X', 64, 69, 83, 216, 479, 300, 650, 73.7, 134, 468, 150, 550, 85.1, 'Raigad', '', 81.5267, 'HINDI', 2015),
('15ET1108', 'H3', 'GAIKWAD RAHUL ANIL KALPANA', 'X', 56, 61, 57, 174, 413, 300, 650, 63.54, 72, 382, 100, 500, 76.4, 'Mumbai-City', '', 50.3802, 'MARATHI', 2015),
('15ET1109', 'J2', 'SHETTY SHREYA SHASHIDHAR SHRILATHA', 'X', 76, 74, 74, 224, 513, 300, 650, 78.93, 143, 517, 150, 550, 94, 'Thane', '', 84.7761, 'kannada', 2015),
('15ET1110', 'I2', 'KHEDEKAR SHUBHAM NARENDRA  NEHA', 'X', 52, 43, 69, 164, 409, 300, 650, 62.93, 130, 431, 150, 550, 78.37, 'Thane', 'Electronics', 0, 'MARATHI', 2015),
('15ET1111', 'J1', 'PATIL MAHESH ISWAR MEENA', 'X', 50, 53, 55, 158, 373, 300, 650, 57.39, 123, 430, 150, 500, 86, 'Thane', '', 60.1736, 'MARATHI', 2015),
('15ET1112', 'H1', 'BHAGAT MEGHANA UDAY SUNANDA', 'X', 69, 57, 67, 193, 483, 300, 650, 74.31, 107, 412, 150, 550, 74.91, 'Raigad', 'Electronics', 72.98, 'MARATHI', 2015),
('15ET1113', 'J1', 'PATIL JUILEE VAIBHAV UJJWALA', 'X', 77, 80, 89, 246, 547, 300, 650, 84.16, 148, 512, 150, 550, 93.1, 'Raigad', 'Electronics', 83.0992, 'MARATHI', 2015),
('15ET1114', 'H3', 'GHOSH SAURAV DEBESH MANISHA', 'X', 74, 95, 80, 249, 433, 300, 500, 86.6, 87, 408, 100, 500, 81.6, 'Thane', 'Computer Science', 82.2927, 'BENGALI', 2015),
('15ET1115', 'H2', 'DESHMANE PRAJAKTA PRAMOD SANGITA', 'X', 54, 58, 68, 180, 446, 300, 650, 68.62, 133, 472, 150, 550, 85.82, 'Thane', '', 58.7861, 'MARATHI', 2015),
('15ET1116', 'I3', 'PANDIT GAURAV NARESH CHHAYA', 'X', 68, 70, 68, 206, 444, 300, 650, 68.31, 129, 483, 150, 550, 87.82, 'Mumbai-City', 'Computer Science', 61.3965, 'MARATHI', 2015),
('15ET1117', 'J3', 'TIPPE AKASH MOHAN LATA', 'X', 57, 54, 62, 173, 442, 300, 650, 68, 123, 438, 150, 500, 87.6, 'Thane', 'Computer Science', 83.8149, 'marathi', 2015),
('15ET1118', 'I2', 'KARRA SHREYA SOMESWAR RAO PRASHANTI', 'X', 69, 74, 84, 227, 535, 300, 650, 82.31, 145, 522, 150, 550, 94.91, 'Thane', 'Computer Science', 0, 'TELUGU', 2015),
('15ET1119', 'H1', 'BHAJNAWALE SONALI SUNILSHITAL', 'X', 62, 79, 60, 201, 370, 300, 500, 74, 81, 441, 100, 500, 88.2, 'Thane', 'Computer Science', 55.781, 'MARATHI', 2015),
('15ET1120', 'J3', 'WAGHMODE MANGESH ARJUN SUNITA', 'X', 47, 45, 45, 157, 352, 300, 650, 54.16, 90, 347, 150, 500, 69.4, 'Thane', 'Computer Science', 32.7815, 'MARATHI', 2015),
('15ET1121', 'H3', 'GHANEKAR PRATHAMESH PRAKASH PRANALI', 'X', 61, 64, 47, 172, 445, 300, 650, 68.47, 104, 395, 150, 550, 71.82, 'Thane', 'Computer Science', 58.081, 'MARATHI', 2015),
('15ET1122', 'J3', 'SONAWANE MEHUL SUDHIR SUJATA', 'X', 68, 51, 78, 197, 384, 300, 650, 59.08, 147, 511, 150, 550, 92.91, 'Thane', 'Electronics', 82.81, 'MARATHI', 2015),
('15ET1123', 'I3', 'MOKAL  RASWITA SATYENDRA SUSMITA', 'X', 70, 73, 68, 211, 492, 300, 650, 75.7, 129, 487, 150, 550, 88.55, 'Thane', 'Computer Science', 86.57, 'MARATHI', 2015),
('15ET1124', 'J3', 'SINHA AAKARSH AMAR PALLAVI', 'X', 90, 72, 86, 248, 431, 300, 650, 66.31, 86, 630, 100, 700, 90, 'Thane', 'Computer Science', 0, 'hindi', 2015),
('15ET1125', 'I2', 'KEWALE KIRAN PRAKASH SUREKHA', 'X', 45, 50, 37, 159, 411, 300, 650, 63.24, 72, 423, 100, 550, 76.91, 'Thane', 'Computer Science', 53.2, 'marathi', 2015),
('15ET1126', 'J1', 'PATIL ROHIT DINKAR SADHANA', 'X', 62, 57, 63, 182, 408, 300, 650, 62.77, 117, 402, 150, 500, 80.4, 'Thane', '', 67.32, 'marathi', 2015),
('15ET1127', 'H3', 'FULWARIYA NARENDRA MADANLAL DEVAKI', 'X', 91, 80, 72, 243, 520, 300, 650, 80, 141, 505, 150, 550, 91.82, 'Mumbai-City', '', 85.3208, 'HINDI', 2015),
('15ET1128', 'H1', 'BAIDYA AKASH BIDHAN RITA', 'X', 82, 94, 86, 262, 429, 300, 500, 85.8, 94, 443, 100, 500, 88.6, 'Raigad', 'Computer Science', 89.356, 'BENGALI', 2015),
('15ET1129', 'I2', 'KUMAR KISHAN KAMLESH MAMTA', 'X', 88, 76, 91, 255, 432, 300, 500, 86.4, 81, 418, 100, 500, 83.6, 'Raigad', '', 87.4753, 'HINDI', 2015),
('15ET1130', 'I2', 'LAKHANI ANIL JAWAHARLAL VEENA', 'X', 82, 92, 74, 248, 405, 300, 500, 81, 86, 84, 100, 500, 16.8, 'Bhilwara', 'Civil Engineering', 0, 'HINDI', 2015),
('15ET1131', 'H2', 'BHARDWAJ GARIMA YATENDER NEELAM', 'X', 90, 95, 83, 268, 451, 300, 500, 90.2, 96, 470, 100, 500, 94, 'Mumbai-City', 'Computer Science', 84.2104, 'Hindi', 2015),
('15ET1132', 'I2', 'KURDEKAR SHARATH MANJUNATH', 'X', 87, 76, 93, 256, 524, 300, 650, 80.62, 140, 512, 150, 550, 93.1, 'Thane', 'Computer Science', 91, 'KANNADA', 2015),
('15ET1133', 'H3', 'GHAYAR  SONALI  ASHOK  SANGITA', 'X', 59, 55, 71, 185, 445, 300, 650, 68.47, 117, 439, 150, 550, 79.82, 'Thane', 'Electronics', 60.9856, 'MARATHI', 2015),
('15ET1134', 'I2', 'KOUL YATIN OPENDER SUSHMA', 'X', 86, 87, 87, 260, 447, 300, 500, 89.4, 95, 95, 100, 100, 95, 'Jammu', '', 75.04, 'KASHMIRI', 2015),
('15ET1135', 'J3', 'TRIVEDI PAYAL SHAILENDRA JAYA', 'X', 88, 75, 59, 222, 393, 300, 500, 78.6, 90, 538, 90, 538, 100, 'Thane', '', 0, 'HINDI', 2015),
('15ET1136', 'I3', 'NAIR RAVINA RAVINDRAN REENA', 'X', 60, 57, 44, 161, 392, 300, 650, 60.31, 129, 480, 129, 480, 100, 'Thane', '', 0, 'MALAYALAM', 2015),
('15ET1137', 'I1', 'JHA PRANISHI PRAKASH ANITA', 'X', 83, 88, 86, 257, 449, 300, 500, 89.8, 91, 467, 91, 467, 100, 'Thane', '', 0, 'MAITHILI', 2015),
('15ET1138', 'J3', 'SINGH VISHAL KUMAR  S P SINGH RENU SINGH', 'X', 65, 66, 48, 179, 313, 300, 500, 62.6, 71, 376, 71, 376, 100, 'Mumbai-City', '', 0, 'HINDI', 2015),
('15ET1139', 'H3', 'JADHAV PRADNYA SHAILESH SEEMA', 'X', 56, 51, 46, 153, 419, 300, 650, 64.47, 136, 502, 136, 502, 100, 'Mumbai-City', '', 0, 'MARATHI', 2015),
('15ET1140', 'H2', 'HUPARIKAR SHRIPAD BHALCHANDRA SHARAYU', 'X', 75, 69, 54, 198, 372, 300, 500, 74.4, 83, 424, 83, 424, 100, 'Thane', '', 0, 'MARATHI', 2015),
('15ET1141', 'I1', 'SHIRODKAR SARA MAHESH CHITRA', 'X', 75, 65, 80, 220, 528, 300, 650, 81.24, 0, 555, 0, 555, 100, 'Thane', 'Computer Science', 0, 'MARATHI', 2015),
('15ET1142', 'I2', 'SINGH SOUMYA SANJAY KUMAR SEEMA', 'X', 0, 0, 0, 0, 0, 300, 650, 0, 0, 0, 0, 0, 0, 'Ranga Reddy', '', 0, 'HINDI', 2015),
('15ET1143', 'H2', 'PAWAR ANIKET PRADEEP DIPTI', 'X', 54, 54, 58, 166, 440, 300, 650, 67.7, 101, 400, 101, 400, 100, 'Mumbai-City', 'Computer Science', 0, 'MARATHI', 2015),
('15ET1144', 'H2', 'KUBAL VIKRAM PRAKASH YOGITA', 'X', 60, 61, 74, 195, 455, 300, 650, 70, 132, 486, 132, 486, 100, 'Mumbai-City', '', 0, 'MARATHI', 2015),
('15ET1145', 'H2', 'NAMBIAR VAISHNAV RATNAKARAN RAJASHREE', 'X', 62, 51, 62, 175, 394, 300, 650, 60.62, 126, 461, 126, 461, 100, 'Thane', 'Computer Science', 0, 'MALAYALAM', 2015),
('15ET1146', 'H3', 'GOLE MILIND MADHAV PUSHPA', 'X', 66, 61, 79, 206, 462, 300, 650, 71.08, 123, 495, 123, 495, 100, 'Mumbai-City', 'Computer Science', 0, 'marathi', 2015),
('15ET1147', 'H3', 'SHISHODIA SHUBHAM VIVEK SUNITA', 'X', 80, 76, 44, 200, 353, 300, 650, 54.31, 135, 478, 135, 478, 100, 'Thane', 'Computer Science', 0, 'HINDI', 2015),
('15ET1148', 'H3', 'KULKARNI SHALAKA SANJAY POOJA', 'X', 62, 63, 67, 192, 477, 300, 650, 73.39, 114, 424, 114, 424, 100, 'Thane', 'Electronics', 0, 'MARATHI', 2015),
('15ET1149', 'H2', 'LODHI DISHANI MOTILAL SUMAN', 'X', 59, 48, 67, 174, 458, 300, 650, 70.47, 115, 432, 115, 432, 100, 'Raigad', 'Computer Science', 0, 'hindi', 2015),
('15ET1150', 'H2', 'SINGH ADARSH JOGENDRA SHAILA', 'X', 73, 73, 95, 241, 507, 300, 650, 78, 143, 513, 143, 513, 100, 'Thane', 'Electronics', 0, 'HINDI', 2015),
('15ET1151', 'H2', 'JAGDALE ABHISHEK POPATRAO SUJATA', 'X', 83, 76, 72, 231, 497, 300, 650, 76.47, 117, 449, 117, 449, 100, 'Thane', 'Computer Science', 0, 'marathi', 2015),
('15ET1152', 'H2', 'AHER HARSHALKUMAR VITHALRAO NEELA', 'X', 69, 73, 65, 207, 408, 300, 650, 62.77, 132, 0, 132, 0, 0, 'Thane', '', 0, 'marathi', 2015),
('15ET1153', 'H3', 'KHATRI RAJ ARVIND SAROJ', 'X', 61, 65, 67, 193, 458, 300, 650, 70.47, 117, 443, 117, 443, 100, 'Thane', 'Computer Science', 0, 'KUTCHI', 2015),
('15ET1154', 'H1', 'SONI KETAN DILIPKUMAR ASHA', 'X', 51, 62, 53, 166, 446, 300, 650, 68.62, 87, 405, 87, 405, 100, 'Mumbai-City', '', 0, 'MARWARI', 2015),
('15ET2001', 'I1', 'JHA SHASHANK BIMAL VANDANA', 'X', 38, 39, 60, 150, 346, 300, 650, 53.24, 71, 392, 71, 392, 100, 'Thane', 'Computer Science', 0, 'MATHILI', 2015),
('15ET2002', 'H2', 'CHAKRABORTI MOUMITA GOUTAM BARNALI', 'X', 72, 68, 48, 188, 302, 300, 500, 60.4, 0, 0, 0, 0, 0, 'Thane', 'Computer Science', 0, 'BENGALI', 2015),
('15ET2003', 'J1', 'POOJARI YASH CHANDRAKUMAR COHITHA', 'X', 45, 41, 45, 169, 398, 300, 650, 61.24, 86, 336, 86, 336, 100, 'Thane', 'Computer Science', 0, 'TULU', 2015),
('15ET2004', 'H3', 'DIWANE ADITYA SANDEEP RAJANI', 'X', 53, 60, 55, 168, 480, 300, 650, 73.85, 119, 449, 119, 449, 100, 'Thane', 'Electrical Maintenance', 0, '', 2015),
('15ET2005', 'J3', 'VERMA SAHIL BRIJESH ANJU', 'X', 63, 54, 36, 153, 318, 300, 500, 63.6, 81, 429, 81, 429, 100, 'Thane', '', 0, 'HINDI', 2015),
('15ET2006', 'I3', 'MANDA SHIVSAGAR GOURISANKAR SRIDEVI', 'X', 87, 66, 73, 169, 471, 330, 530, 88.87, 0, 0, 0, 0, 0, 'Hyderabad', '', 0, 'TELUGU', 2015),
('15ET2007', 'I2', 'KUMAR SAARTHAK ASHISH SHALINI', 'X', 61, 67, 42, 170, 292, 300, 500, 58.4, 92, 381, 92, 381, 100, 'Thane', 'Computer Science', 0, 'PUNJABI', 2015),
('15ET2008', 'I1', 'JOEL JOBY EASAW SHERLY', 'X', 59, 58, 72, 189, 476, 300, 650, 73.24, 139, 469, 139, 469, 100, 'Mumbai-City', 'Electronics', 0, 'malayalam', 2015),
('15ET2009', 'J3', 'WATEGAONKAR VINI SHIVRAM VRUSHALI', 'X', 62, 56, 54, 172, 451, 300, 650, 69.39, 134, 502, 134, 502, 100, 'Thane', 'Computer Science', 0, 'MARATHI', 2015),
('15ET2010', 'I3', 'MAHIMKAR SHREYAS SHAILENDRA SHRADDHA', 'X', 48, 50, 44, 154, 396, 300, 650, 60.93, 109, 393, 109, 393, 100, 'Thane', '', 0, 'MARATHI', 2015),
('15ET2011', 'J2', 'SAMANT SHIVANI PURUSHOTHAM CHETHANA', 'X', 64, 60, 39, 163, 281, 300, 500, 56.2, 54, 357, 54, 357, 100, 'Thane', 'Computer Science', 0, 'KANNADA', 2015),
('15ET2012', 'H2', 'CHANDA SAIPRANAV RAJASRINIVAS', 'X', 54, 57, 67, 178, 472, 300, 650, 72.62, 0, 0, 0, 0, 0, 'Thane', 'Electrical Maintenance', 0, 'TELUGU', 2015);
INSERT INTO `fe_educational_details` (`roll_no`, `batch`, `name`, `branch`, `hsc_phy`, `hsc_chem`, `hsc_math`, `hsc_pcm`, `hsc_total`, `hsc_pcm_outof`, `hsc_tot_outof`, `hsc_per`, `ssc_maths`, `ssc_total`, `ssc_maths_outof`, `ssc_tot_outof`, `ssc_per`, `board_district`, `vocational_course`, `composite_score`, `mothertongue`, `admission_year`) VALUES
('15ET2013', 'I3', 'MUTALIK AJIT GAJANAN VAISHALI', 'X', 68, 48, 66, 182, 489, 300, 650, 75.24, 126, 486, 126, 486, 100, 'Mumbai-City', 'Electronics', 0, 'kannada', 2015),
('15ET2014', 'I1', 'JAIN RAHUL SURESH MAMTA', 'X', 57, 48, 53, 158, 428, 300, 650, 65.85, 146, 496, 146, 496, 100, 'Mumbai-City', 'Electronics', 0, 'HINDI', 2015),
('15ET2015', 'H3', 'HALDANKAR ISHAN CHANDRAHAS MANISHA', 'X', 47, 50, 53, 150, 371, 300, 650, 57.08, 125, 447, 125, 447, 100, 'Thane', '', 0, 'marathi', 2015),
('15ET2016', 'I3', 'NAKHARE CHAITANYA ASHWIN MEENAKSHI', 'X', 67, 74, 68, 180, 369, 300, 500, 73.8, 71, 391, 71, 391, 100, 'Raigad', 'Computer Science', 0, 'MARATHI', 2015),
('15ET2017', 'J2', 'SHARDA NEERA SATISH URMILA', 'X', 64, 76, 67, 207, 257, 300, 650, 39.54, 140, 507, 140, 507, 100, 'Raigad', 'Computer Science', 0, 'GUJURATI', 2015),
('15ET2018', 'I3', 'NAYAK PRACHITI PRADIP KUMAR SMITA', 'X', 59, 53, 53, 165, 442, 300, 650, 68, 71, 378, 71, 378, 100, 'Thane', '', 0, 'MARATHI', 2015),
('15ET2019', 'H3', 'DHARESHWAR ATHARVA SURESH JYOTI', 'X', 76, 84, 51, 211, 368, 300, 500, 73.6, 0, 0, 0, 0, 0, 'Thane', '', 0, 'HINDI', 2015),
('15ET2020', 'I1', 'JADHAV PRAVIN NARAYAN CHHAYA', 'X', 69, 66, 65, 200, 485, 300, 650, 74.62, 132, 456, 132, 456, 100, 'Thane', '', 0, 'MARATHI', 2015),
('15ET2021', 'H3', 'GUPTA RACHIT JITENDRA HEMLATA', 'X', 45, 0, 45, 166, 407, 300, 650, 62.62, 0, 0, 0, 0, 0, 'Thane', 'Electrical Maintenance', 0, 'hindi', 2015),
('15ET2022', 'H3', 'DUTTA GUREEN KAUR DHEERAJ SINGH CHARANJIT', 'X', 74, 64, 73, 211, 484, 300, 650, 74.47, 128, 469, 128, 469, 100, 'Mumbai-City', '', 0, 'HINDI', 2015),
('15ET2023', 'J2', 'SINGH AKASH BRAJESH NISHA', 'X', 52, 48, 45, 193, 468, 300, 650, 72, 71, 365, 71, 365, 100, 'Thane', 'Electrical Maintenance', 0, 'HINDI', 2015),
('15ET2024', 'J2', 'SINGH PRITAM GHANSHYAM NIRMALA', 'X', 51, 40, 60, 151, 354, 300, 650, 54.47, 94, 313, 94, 313, 100, 'Thane', '', 0, 'hindi', 2015),
('15ET2025', 'H2', 'BHOIR SWAMINI SATISH SHITAL', 'X', 71, 81, 51, 203, 367, 300, 500, 73.4, 81, 444, 81, 444, 100, 'Thane', '', 0, 'MARATHI', 2015),
('15ET2026', 'H2', 'RANE PURVA SATYAPRAKASH SHAILAJA', 'X', 63, 45, 70, 178, 448, 300, 650, 68.93, 137, 503, 137, 503, 100, 'Mumbai-City', '', 0, 'MARATHI', 2015),
('15ET2027', 'H1', 'DAS AYUSHMAN MOHENDRA  MONALISA', 'X', 52, 68, 60, 180, 330, 300, 500, 66, 0, 0, 0, 0, 0, 'Dibrugarh', '', 0, 'ASSAMESE', 2015),
('15ET7001', 'L3', 'SHAHU DOSHANT PRAMOD REKHA', 'X', 40, 47, 43, 151, 372, 300, 650, 57.24, 61, 331, 100, 500, 66.2, 'Nagpur', 'Electronics', 54.86, 'HINDI', 2015),
('15ET7002', 'L1', 'AMBRE TANVI VILAS GEETANJALI', 'X', 72, 72, 59, 203, 477, 300, 650, 73.39, 135, 494, 150, 550, 89.82, 'Thane', '', 80.8122, 'MARATHI', 2015),
('15ET7003', 'L2', 'MESTRY SWARAJ PRAKASH NAMRATA', 'X', 74, 64, 78, 216, 508, 300, 650, 78.16, 131, 490, 150, 550, 89.1, 'Thane', 'Computer Science', 68.2664, 'MARATHI', 2015),
('15ET7004', 'L3', 'SAIKAR SHREETEJ GANESH GEETANJALI', 'X', 73, 75, 83, 231, 536, 300, 650, 82.47, 119, 465, 150, 550, 84.55, 'Raigad', 'Electronics', 70.67, 'MARATHI', 2015),
('15ET7005', 'L2', 'KASARE PRANAV SUNIL ANITA', 'X', 52, 48, 56, 156, 390, 300, 650, 60, 61, 332, 100, 500, 66.4, 'Thane', '', 56.011, 'MARATHI', 2015),
('15ET7006', 'L1', 'GAMBHIRE SANKALP RAJENDRA JYOTI', 'X', 54, 53, 70, 177, 452, 300, 650, 69.54, 140, 490, 150, 550, 89.1, 'Thane', '', 57.8423, 'MARATHI', 2015),
('15ET7007', 'L1', 'CHANDRA SHASHI SATISH SUNITA', 'X', 73, 79, 95, 247, 419, 300, 500, 83.8, 80, 449, 100, 0, 0, 'Raigad', '', 0, 'HINDI', 2015),
('15ET7008', 'L1', 'BHANUSHALI VIREN ARVIND VARSHA', 'X', 74, 73, 64, 211, 465, 300, 650, 71.54, 140, 515, 150, 550, 93.64, 'Akola', 'Computer Science', 52.3082, 'GUJRATI', 2015),
('15ET7009', 'L3', 'SHEKADE AISHWARYA SANJEEV SUSHILA', 'X', 56, 41, 70, 167, 423, 300, 650, 65.08, 148, 500, 150, 550, 90.91, 'Latur', 'Electronics', 52.399, 'marathi', 2015),
('15ET7010', 'L1', 'GOJE SHUBHAM SANTOSH DEEPALI', 'X', 73, 77, 81, 231, 522, 300, 650, 80.31, 126, 447, 150, 550, 81.28, 'Raigad', 'Electronics', 81.1881, 'marathi', 2015),
('15ET7011', 'L2', 'KADAM SARIKA KISHOR USHA', 'X', 57, 53, 64, 174, 457, 300, 650, 70.31, 132, 479, 150, 550, 87.1, 'Mumbai-City', 'Electronics', 53.5956, 'MARATHI', 2015),
('15ET7012', 'L2', 'KONNUR GAURI PRASHANT BHARATI', 'X', 74, 68, 78, 220, 521, 300, 650, 80.16, 142, 520, 150, 550, 94.55, 'Raigad', 'Electronics', 82.0855, 'KANNNADA', 2015),
('15ET7013', 'L2', 'MORE SHALAK VILAS VASANTI', 'X', 66, 69, 61, 196, 475, 300, 650, 73.08, 114, 439, 150, 550, 79.82, 'Raigad', '', 0, 'MARATHI', 2015),
('15ET7014', 'L1', 'HADATGUNE SANIKA SANDEEP ARCHANA', 'X', 74, 79, 88, 241, 558, 300, 650, 85.85, 148, 524, 150, 550, 95.28, 'Raigad', 'Electronics', 77.9, 'MARATHI', 2015),
('15ET7015', 'L1', 'BHURAN RASIKA VASUDEO VRUSHALI', 'X', 36, 44, 36, 141, 375, 300, 650, 57.7, 121, 375, 150, 500, 75, 'Ratnagiri', '', 23.62, 'MARATHI', 2015),
('15ET7016', 'L2', 'JAGTAP VARSHA DHANRAJ BHAGYASHRI', 'X', 52, 57, 63, 172, 464, 300, 650, 71.39, 143, 509, 150, 550, 92.55, 'Thane', '', 67.1655, 'MARATHI', 2015),
('15ET7017', 'L2', 'PATIL SAKSHI DATTATRAYA NIRMALA', 'X', 45, 47, 53, 165, 378, 300, 650, 58.16, 133, 491, 150, 550, 89.28, 'Thane', 'Computer Science', 45.0563, 'MARATHI', 2015),
('15ET7018', 'L1', 'ISLAMPURE ISHWAR MARUTI JAYSHREE', 'X', 47, 51, 51, 180, 444, 300, 650, 68.31, 143, 521, 150, 550, 94.73, 'Nanded', 'Electronics', 35.1835, 'KANNADA', 2015),
('15ET7019', 'L2', 'KWATRA DRISHTI MUKESH MAMTA', 'X', 95, 95, 86, 276, 464, 300, 500, 92.8, 92, 464, 100, 500, 92.8, 'Thane', '', 0, 'HINDI', 2015),
('15ET7020', 'L2', 'NAIR ADARSH GOPALAKRISHNAN SUMA', 'X', 79, 71, 79, 229, 519, 300, 650, 79.85, 140, 515, 150, 550, 93.64, 'Thane', 'Electronics', 80.521, 'MALAYALAM', 2015),
('15ET7021', 'L1', 'AHER OMKAR BALASAHEB ALKA', 'X', 66, 48, 84, 198, 449, 300, 650, 69.08, 137, 476, 150, 550, 86.55, 'Mumbai-City', 'Computer Science', 63.66, 'MARATHI', 2015),
('15ET7022', 'L2', 'OBEROI KASHYAP PAWAN VANDANA', 'X', 78, 82, 87, 247, 408, 300, 500, 81.6, 88, 538, 100, 550, 97.82, 'Thane', '', 82.75, 'PUNJABI', 2015),
('15ET7023', 'L2', 'PATIL POOJA GAJANAN JAYSHREE', 'X', 65, 59, 83, 207, 501, 300, 650, 77.08, 139, 516, 150, 550, 93.82, 'Raigad', 'Computer Science', 82.2713, 'MARATHI', 2015),
('15ET7024', 'L3', 'SONAWANE SHWETA VINAYAK NANDA', 'X', 79, 68, 77, 224, 514, 300, 650, 79.08, 130, 464, 150, 500, 92.8, 'Thane', '', 66.0794, 'marathi', 2015),
('15ET7025', 'L3', 'SINHA SAKSHI SHEKHAR  JYOTSNA', 'X', 80, 88, 82, 250, 427, 300, 500, 85.4, 92, 498, 100, 500, 99.6, 'Raigad', '', 81.6055, 'hindi', 2015),
('15ET7026', 'L1', 'DAMALE AKASH MHATARDEV MANISHA', 'X', 45, 51, 60, 156, 384, 300, 650, 59.08, 110, 415, 150, 550, 75.46, 'Thane', '', 44.6456, 'MARATHI', 2015),
('15ET7027', 'L2', 'LAD SAYALI SUNIL JAYASHREE', 'X', 77, 95, 83, 255, 433, 300, 500, 86.6, 94, 467, 100, 500, 93.4, 'Raigad', 'Computer Science', 78.9237, 'marathi', 2015),
('15ET7028', 'L3', 'RAMDHAVE SHANTANU SANDEEP BHAGYASHREE', 'X', 66, 54, 62, 182, 419, 300, 650, 64.47, 96, 389, 150, 550, 70.73, 'Thane', 'Electronics', 56.1936, 'MARATHI', 2015),
('15ET7029', 'L2', 'PAL AYUSHI KAJAL SNIGDHA', 'X', 80, 85, 86, 251, 437, 300, 500, 87.4, 88, 459, 100, 500, 91.8, 'Raigad', '', 77.6301, 'BENGALI', 2015),
('15ET7030', 'L1', 'JADHAV MIHIR VIJAY JAYSHREE', 'X', 77, 67, 53, 197, 365, 300, 500, 73, 81, 419, 100, 500, 83.8, 'Mumbai-City', 'Computer Science', 39.63, 'MARATHI', 2015),
('15ET7031', 'L3', 'SHINDE AJINKYA SANJAY SANGEETA', 'X', 49, 60, 64, 173, 420, 300, 650, 64.62, 107, 432, 150, 550, 78.55, 'Mumbai-City', '', 43.6017, 'marathi', 2015),
('15ET7032', 'L2', 'NAIR AKSHARA MURLIDHARAN JYOTI', 'X', 67, 62, 74, 203, 484, 300, 650, 74.47, 131, 470, 150, 550, 85.46, 'Mumbai-City', 'Electronics', 79.3098, 'MALAYALAM', 2015),
('15ET7033', 'L1', 'ADSULE SAMRUDDHA SUNIL KARUNA', 'X', 57, 54, 48, 159, 288, 300, 500, 57.6, 71, 330, 150, 500, 66, 'Thane', 'Computer Science', 39.8541, 'marathi', 2015),
('15ET7034', 'L3', 'SHARMA JAYESH RAM PARVESH REKHA', 'X', 87, 93, 95, 275, 456, 300, 500, 91.2, 74, 379, 100, 500, 75.8, 'Raigad', 'Computer Science', 77.5306, 'HINDI', 2015),
('15ET7035', 'L3', 'ROKADE SWAPNIL SAHEBRAO RAGINI', 'X', 56, 48, 74, 178, 408, 300, 650, 62.77, 84, 347, 150, 550, 63.1, 'Mumbai-City', '', 55.5929, 'MARATHI', 2015),
('15ET7036', 'L3', 'TARPE ADITI SURESH SONAL', 'X', 73, 62, 54, 189, 440, 300, 650, 67.7, 107, 411, 150, 550, 74.73, 'Mumbai-City', '', 62.7682, 'MARATHI', 2015),
('15ET7037', 'L1', 'BARGAJE ANKITA PRABHAKAR SUNANDA', 'X', 49, 53, 53, 155, 432, 300, 650, 66.47, 53, 432, 100, 650, 66.47, 'Mumbai-City', 'Civil Engineering', 39.797, 'MARATHI', 2015),
('15ET7038', 'L1', 'BHOGALE SHRIKANT SHRIDHAR SHRADHA', 'X', 72, 64, 74, 210, 484, 300, 650, 74.47, 125, 459, 150, 550, 83.46, 'Raigad', 'Electrical Maintenance', 50.371, '', 2015),
('15ET7039', 'L3', 'SINGH ARPIT KUMAR SHYAM RENU', 'X', 69, 70, 82, 221, 518, 300, 650, 79.7, 139, 484, 150, 550, 88, 'Raigad', 'Electronics', 80.93, 'hindi', 2015),
('15ET7040', 'L1', 'ANDHARE DHANASHREE RAJENDRA SHUBHANGEE', 'X', 47, 52, 50, 160, 383, 300, 650, 58.93, 136, 504, 150, 550, 91.64, 'Thane', '', 66.1251, 'MARATHI', 2015),
('15ET7041', 'L3', 'TIWARI MOHIT PRAHALAD SHILA', 'X', 89, 85, 76, 250, 420, 300, 500, 84, 90, 465, 100, 500, 93, 'Bhadoi', '', 0, 'HINDI', 2015),
('15ET7042', 'L3', 'SURADKAR MAYUR DURYODHAN SUNANDA', 'X', 56, 67, 89, 212, 491, 300, 650, 75.54, 137, 457, 150, 550, 83.1, 'Thane', 'Computer Science', 47.77, 'MARATHI', 2015),
('15ET7043', 'L1', 'CHAVAN YUVRAJ PRUTHVIRAJ RAJSHREE', 'X', 70, 63, 70, 203, 479, 300, 650, 73.7, 123, 479, 150, 550, 87.1, 'Kolhpur', 'Electronics', 57.0032, 'MARATHI', 2015),
('15ET7044', 'L3', 'SHARMA PRIYA HANUMAN KAMLA', 'X', 81, 77, 84, 242, 567, 300, 650, 87.24, 148, 516, 150, 550, 93.82, 'Rajgarh', 'Computer Science', 0, 'hindi', 2015),
('15ET7045', 'L3', 'SOHANI HARSHVARDHAN ANANT ALPANA', 'X', 82, 74, 83, 239, 382, 300, 650, 58.77, 92, 443, 100, 500, 88.6, 'Indore', '', 0, 'hindi', 2015),
('15ET7046', 'L3', 'RANPISE SHREYA ANAND ANURADHA', 'X', 52, 47, 47, 162, 391, 300, 650, 60.16, 117, 407, 150, 550, 74, 'Thane', 'Computer Science', 46.2315, 'MARATHI', 2015),
('15ET7047', 'L2', 'MHATRE SUNNY RAJARAM MRUNALINI', 'X', 57, 68, 57, 182, 424, 300, 650, 65.24, 112, 413, 150, 550, 75.1, 'Raigad', '', 0, 'MARATHI', 2015),
('15ET7048', 'L2', 'OVAL HARSHAD WALMIK VAISHALI', 'X', 54, 55, 55, 164, 460, 300, 650, 70.77, 76, 397, 100, 500, 79.4, 'Mumbai-City', 'Electrical Maintenance', 55.1127, 'MARATHI', 2015),
('15ET7049', 'L1', 'KUNJIR PRATIK NAVNATH SINDHU', 'X', 76, 80, 64, 220, 395, 300, 500, 79, 84, 450, 84, 450, 100, 'Thane', 'Computer Science', 0, 'MARATHI', 2015),
('15ET7050', 'L2', 'SRIVASTAVA MAHIMA MITHLESH ARUNA', 'X', 79, 85, 58, 222, 0, 300, 650, 0, 0, 0, 0, 0, 0, '', 'Computer Science', 0, 'hindi', 2015),
('15ET7051', 'L3', 'PANMAND KIRAN NARAYAN SUJATA', 'X', 54, 53, 64, 171, 382, 300, 650, 58.77, 137, 573, 137, 573, 100, 'Mumbai-City', '', 0, 'MARATHI', 2015),
('15ET7052', 'L3', 'CHINTAM PRANALI SURESH SHOBHA', 'X', 62, 50, 60, 172, 405, 300, 650, 62.31, 0, 0, 0, 0, 0, 'Thane', 'Computer Science', 0, 'TELUGU', 2015),
('15ET7053', 'L2', 'NAIK AADISHA BALKRISHNA PRANALI', 'X', 51, 44, 75, 170, 424, 300, 650, 65.24, 132, 0, 132, 0, 0, 'Thane', '', 0, 'MARATHI', 2015),
('15ET7054', 'L2', 'KULKARNI SHARVARI SANJAY POOJA', 'X', 62, 66, 58, 186, 465, 300, 650, 71.54, 113, 407, 113, 407, 100, 'Thane', 'Electronics', 0, 'MARATHI', 2015),
('15ET7055', 'L3', 'VEERABATHINI SANTOSH KOTESHWAR LALITA', 'X', 56, 64, 84, 204, 0, 300, 650, 0, 121, 443, 121, 443, 100, 'Mumbai-City', 'Computer Science', 0, 'telugu', 2015),
('15ET7056', 'L3', 'KAVDIYA DEEPIKA SUSHIL SADHANA', 'X', 75, 65, 79, 219, 438, 300, 550, 79.64, 137, 474, 137, 474, 100, 'Raigad', 'Electronics', 0, 'RAJASTHANI', 2015),
('15ET7057', 'L2', 'HULE NIKITA  NAGU  SUNITA', 'X', 64, 69, 71, 204, 429, 300, 650, 66, 128, 587, 128, 587, 100, '', 'Computer Science', 0, 'marathi', 2015),
('15ET7058', 'L3', 'NANDOLA TEJAS RAHUL SUNITA', 'X', 65, 55, 50, 170, 407, 300, 650, 62.62, 137, 464, 137, 464, 100, 'Mumbai-City', 'Electronics', 0, 'GUJRATI', 2015),
('15IN1001', 'A3', 'CHAUDHARI MRUNALINI NITIN MADHAVI', 'I', 49, 50, 61, 160, 422, 300, 650, 64.93, 117, 434, 150, 550, 78.91, 'Thane', 'Electronics', 63.5, 'MARATHI', 2015),
('15IN1002', 'I1', 'SAWANT SHUBHADA SHREEKRISHNA SUSHAMA', 'I', 63, 69, 80, 212, 499, 300, 650, 76.77, 136, 501, 150, 550, 91.1, 'Mumbai-City', '', 82.77, 'MARATHI', 2015),
('15IN1003', 'B3', 'GHATOL PAYAL RAMESHWAR RATNAKALA', 'I', 47, 52, 41, 140, 361, 300, 650, 55.54, 112, 418, 150, 550, 76, 'Mumbai-City', '', 35.1633, 'MARATHI', 2015),
('15IN1004', 'A1', 'AWALE  SHANTANU PRASHANT VRUSHALI', 'I', 83, 72, 82, 237, 558, 300, 650, 85.85, 91, 434, 100, 500, 86.8, 'Mumbai-City', 'Electrical Maintenance', 76.53, 'MARATHI', 2015),
('15IN1005', 'A1', 'BADGUJAR HIMANSHU ASHOK MANISHA', 'I', 51, 59, 64, 174, 448, 300, 650, 68.93, 107, 427, 150, 500, 85.4, 'Thane', 'Computer Science', 67.8582, 'MARATHI', 2015),
('15IN1006', 'J1', 'TUPE TEJAL KASHINATH NISHA', 'I', 72, 61, 48, 181, 352, 300, 500, 70.4, 83, 366, 100, 500, 73.2, 'Raigad', 'Computer Science', 42.88, 'marathi', 2015),
('15IN1007', 'I3', 'SONJE SHUBHAM SHIRISH ANITA', 'I', 62, 50, 70, 182, 479, 300, 650, 73.7, 137, 491, 150, 550, 89.28, 'Thane', 'Computer Science', 63.2029, 'MARATHI', 2015),
('15IN1008', 'C3', 'KARGUTKAR SWARAJ SANDIP SUVARNA', 'I', 60, 62, 63, 185, 501, 300, 650, 77.08, 129, 469, 150, 550, 85.28, 'Thane', 'Electrical Maintenance', 81.94, 'MARATHI', 2015),
('15IN1009', 'I2', 'SHINDE HARSHAL SURENDRA SAYLEE', 'I', 63, 49, 64, 176, 436, 300, 650, 67.08, 141, 495, 150, 550, 90, 'Thane', 'Electronics', 77.9109, 'marathi', 2015),
('15IN1010', 'D2', 'KOLHE RASIKA RAVINDRA SUVARNA', 'I', 64, 60, 74, 198, 504, 300, 650, 77.54, 131, 488, 150, 550, 88.73, 'Thane', 'Computer Science', 68.1025, 'MARATHI', 2015),
('15IN1011', 'H1', 'RAUT PRATIK NITIN GAURI', 'I', 65, 65, 83, 213, 533, 300, 650, 82, 129, 469, 150, 550, 85.28, 'Thane', 'Electrical Maintenance', 84.184, 'MARATHI', 2015),
('15IN1012', 'E2', 'MOHAMMED HUZAIFA FAREED ANJUM BUSHRA AFROZ', 'I', 73, 92, 65, 230, 395, 300, 500, 79, 88, 418, 100, 500, 83.6, 'Thane', 'Computer Science', 76.5, 'URDU', 2015),
('15IN1013', 'G1', 'PATIL SHRUTI GIRISH VANDANA', 'I', 57, 54, 56, 167, 409, 300, 650, 62.93, 119, 464, 150, 550, 84.37, 'Raigad', '', 41.44, 'marathi', 2015),
('15IN1014', 'D3', 'KULKARNI HRISHIKESH SHIRISH ADITI', 'I', 80, 81, 82, 243, 560, 300, 650, 86.16, 133, 499, 150, 550, 90.73, 'Thane', 'Computer Science', 0, 'MARATHI', 2015),
('15IN1015', 'G2', 'PAWAR KUNAL RAJENDRA SHAILAJA', 'I', 70, 69, 89, 228, 513, 300, 650, 78.93, 129, 464, 150, 550, 84.37, 'Mumbai-City', 'Computer Science', 73.4703, 'MARATHI', 2015),
('15IN1016', 'C1', 'INAMDAR AMOGH SUNDARESH VIJAYA', 'I', 54, 61, 59, 174, 442, 300, 650, 68, 131, 455, 150, 550, 82.73, 'Thane', 'Electronics', 68.3424, 'MARATHI', 2015),
('15IN1017', 'E3', 'MOHITE SOHAM SANJAY SNEHAL', 'I', 68, 73, 72, 213, 478, 300, 650, 73.54, 124, 478, 150, 550, 86.91, 'Mumbai-City', '', 88.1362, 'MARATHI', 2015),
('15IN1018', 'A2', 'BHANDARKAVATHE SAURABH MRUTYUNJAY SUNITA', 'I', 69, 60, 81, 210, 493, 300, 650, 75.85, 134, 478, 150, 550, 86.91, 'Thane', 'Computer Science', 71.6513, 'KANNADA', 2015),
('15IN1019', 'B2', 'GACHI RAMAKANT RAJSHEKHAR SUNITA', 'I', 77, 67, 77, 221, 509, 300, 650, 78.31, 131, 457, 150, 550, 83.1, 'Thane', 'Computer Science', 68.9604, 'MARATHI', 2015),
('15IN1020', 'I3', 'TANDEL AKSHAY RAVINDRA GITA', 'I', 46, 55, 52, 153, 393, 300, 650, 60.47, 61, 328, 100, 500, 65.6, 'Mumbai-City', '', 72.14, 'MARATHI', 2015),
('15IN1021', 'D1', 'KHAIRNAR SHIVANI RAJENDRA VIDYA', 'I', 59, 59, 63, 181, 432, 300, 650, 66.47, 111, 438, 150, 550, 79.64, 'Thane', 'Computer Science', 43.0612, 'MARATHI', 2015),
('15IN1022', 'H3', 'SARANG SHEFALI SURYAKANT SAMPRADA', 'I', 52, 45, 47, 168, 378, 300, 650, 58.16, 116, 439, 150, 550, 79.82, 'Thane', 'Computer Science', 65.0588, 'MARATHI', 2015),
('15IN1023', 'C3', 'JUGADE OMKAR ANIL VARSHA', 'I', 56, 60, 61, 177, 427, 300, 650, 65.7, 134, 510, 150, 550, 92.73, 'Thane', 'Electronics', 68.3586, 'MARATHI', 2015),
('15IN1024', 'G2', 'PETKAR AKASH PRAKASH YASHODA', 'I', 38, 60, 67, 165, 404, 300, 650, 62.16, 61, 356, 150, 500, 71.2, 'Raigad', 'Computer Science', 72.4555, 'MARATHI', 2015),
('15IN1025', 'F2', 'PATIL ABHIJEET BHARGAV BHARTI', 'I', 67, 57, 68, 192, 454, 300, 650, 69.85, 81, 417, 150, 500, 83.4, 'Thane', 'Electrical Maintenance', 77.21, 'MARATHI', 2015),
('15IN1026', 'J3', 'WAGH AMEYA AJAY ANUPAMA', 'I', 69, 62, 84, 215, 390, 300, 500, 78, 95, 435, 100, 500, 87, 'Raigad', '', 70.41, 'MARATHI', 2015),
('15IN1027', 'E2', 'MISHRA AKASH VIJAYSHANKAR MANJU', 'I', 75, 59, 65, 199, 473, 300, 650, 72.77, 117, 466, 150, 550, 84.73, 'Thane', 'Electronics', 70.135, 'HINDI', 2015),
('15IN1028', 'E3', 'MUKADAM RAVINA CHANDRAKANT  LALITA', 'I', 50, 50, 67, 167, 430, 300, 650, 66.16, 119, 423, 150, 550, 76.91, 'Thane', 'Computer Science', 40.4481, 'MARATHI', 2015),
('15IN1029', 'E2', 'MHATRE SWAPNIL SUNIL RANJANA', 'I', 47, 53, 53, 153, 372, 300, 650, 57.24, 94, 375, 150, 500, 75, 'Raigad', '', 58.9119, 'MARATHI', 2015),
('15IN1030', 'G2', 'PAWGI ANIRUDDHA NARENDRA SUJATA', 'I', 73, 64, 84, 221, 513, 300, 650, 78.93, 144, 522, 150, 550, 94.91, 'Thane', '', 87.548, 'MARATHI', 2015),
('15IN1031', 'J2', 'UBALE KAMLESH MADHUKAR CHHAYA', 'I', 50, 42, 38, 141, 347, 300, 650, 53.39, 126, 466, 150, 550, 84.73, 'Mumbai-City', '', 47.9535, 'MARATHI', 2015),
('15IN1032', 'A3', 'CHINTAKINDI SAIKARTIK  VENU RAMADEVI', 'I', 56, 71, 79, 206, 486, 300, 650, 74.77, 142, 495, 150, 550, 90, 'Mumbai-City', 'Computer Science', 75.8188, 'TELUGU', 2015),
('15IN1033', 'H3', 'SANGLE SUMIT VINAYAK SUMAN', 'I', 43, 52, 52, 137, 371, 300, 650, 57.08, 129, 458, 150, 550, 83.28, 'Mumbai-City', '', 51.6735, 'MARATHI', 2015),
('15IN1034', 'H2', 'RAUT VAISHNAVI PARSHURAM SANGEETA', 'I', 68, 64, 61, 193, 457, 300, 650, 70.31, 131, 507, 150, 550, 92.19, 'Thane', 'Computer Science', 73.9971, 'MARATHI', 2015),
('15IN1035', 'I2', 'SHINDE SWATI HEMANT SUPRIYA', 'I', 55, 52, 48, 155, 390, 300, 650, 60, 70, 325, 150, 550, 59.1, 'Thane', '', 54.36, 'MARATHI', 2015),
('15IN1036', 'B2', 'GALKAR AJINKYA ARUN SUNITA', 'I', 60, 43, 46, 177, 393, 300, 650, 60.47, 113, 446, 150, 550, 81.1, 'Thane', 'Computer Science', 0, 'MARATHI', 2015),
('15IN1037', 'E1', 'MESHRAM SAKET CHANDRAMANI VIDYA', 'I', 75, 55, 75, 205, 514, 300, 650, 79.08, 92, 430, 150, 500, 86, 'Mumbai-City', 'Electrical Maintenance', 0, 'MARATHI', 2015),
('15IN1038', 'I3', 'TEGGI PRANAV NARSINHA PRIYANKA', 'I', 74, 64, 76, 214, 462, 300, 650, 71.08, 146, 515, 150, 550, 93.64, 'Thane', 'Computer Science', 0, 'MARATHI', 2015),
('15IN1039', 'B3', 'GHARAT SWARANGI SANJEEV SANGEETA', 'I', 80, 62, 81, 223, 501, 300, 650, 77.08, 138, 504, 150, 550, 91.64, 'Thane', 'Electronics', 82.46, 'MARATHI', 2015),
('15IN1040', 'E3', 'PALVE KUNAL ARUN KAVITA', 'I', 49, 44, 42, 156, 367, 300, 650, 56.47, 93, 370, 150, 550, 67.28, 'Jalgaon', 'Electronics', 39.9537, 'marathi', 2015),
('15IN1041', 'F2', 'PATHAN AZMAT RASHID PARVIN', 'I', 68, 76, 95, 239, 374, 300, 500, 74.8, 74, 373, 100, 500, 74.6, 'Raigad', '', 72.0758, 'URDU', 2015),
('15IN1042', 'D2', 'KOSHE ABHISHEK MANOHAR MADHURA', 'I', 88, 88, 70, 246, 427, 300, 500, 85.4, 95, 449, 100, 500, 89.8, 'Thane', '', 0, 'MARATHI', 2015),
('15IN1043', 'F2', 'PATIL KALPESH JAGDISH RAJASHREE', 'I', 52, 46, 46, 144, 374, 300, 650, 57.54, 137, 457, 150, 550, 83.1, 'Mumbai-City', '', 42.6045, 'MARATHI', 2015),
('15IN1044', 'H1', 'RAUT PRANALI NARESH CHETANA', 'I', 38, 48, 47, 143, 390, 300, 650, 60, 71, 378, 100, 500, 75.6, 'Mumbai-City', '', 43.6397, 'MARATHI', 2015),
('15IN1045', 'B2', 'DONGRE SHUBHAM DASHRATH MANISHA', 'I', 64, 63, 67, 194, 459, 300, 650, 70.62, 124, 474, 150, 550, 86.19, 'Thane', 'Computer Science', 73.7572, 'MARATHI', 2015),
('15IN1046', 'G1', 'PATIL SIDDHANT SAINATH VANDANA', 'I', 72, 62, 71, 205, 409, 300, 650, 62.93, 113, 427, 150, 550, 77.64, 'Raigad', '', 81.2057, 'marathi', 2015),
('15IN1047', 'D3', 'MANE SIDDHARTH MARUTI NEETA', 'I', 80, 65, 73, 218, 474, 300, 650, 72.93, 138, 480, 150, 550, 87.28, 'Mumbai-City', '', 69.83, 'MARATHI', 2015),
('15IN1048', 'J2', 'VANTAGUDI RISHABH MOHAN LAJWANTI', 'I', 58, 64, 89, 211, 490, 300, 650, 75.39, 121, 442, 150, 550, 80.37, 'Thane', 'Computer Science', 74.08, 'kannada', 2015),
('15IN1049', 'H1', 'PRASAD MAYANK RAVIKANT SHALANI', 'I', 64, 65, 75, 204, 478, 300, 650, 73.54, 117, 464, 150, 550, 84.37, 'Thane', 'Electronics', 74.46, 'HINDI', 2015),
('15IN1050', 'D1', 'KEDARI SAMIKSHA SANJOO SUKESHINI', 'I', 73, 76, 57, 206, 377, 300, 500, 75.4, 84, 440, 100, 500, 88, 'Raigad', '', 53.8976, 'MARATHI', 2015),
('15IN1051', 'F3', 'PATIL MANISH CHANDRAKANT MANISHSA', 'I', 61, 74, 55, 190, 337, 300, 500, 67.4, 82, 408, 100, 500, 81.6, 'Raigad', '', 60.29, 'MARATHI', 2015),
('15IN1052', 'G3', 'PIMPARKAR ADITYA NITIN NEHA', 'I', 63, 64, 81, 208, 479, 300, 650, 73.7, 144, 516, 150, 550, 93.82, 'Thane', 'Computer Science', 74.6677, 'MARATHI', 2015),
('15IN1053', 'H2', 'SALVE AKSHAY ASHOK MAYA', 'I', 48, 59, 52, 159, 369, 300, 650, 56.77, 117, 447, 150, 550, 81.28, 'Thane', '', 45.9454, 'MARATHI', 2015),
('15IN1054', 'C2', 'JADHAV SIDDHESH PRAMOD SUREKHA', 'I', 39, 48, 54, 153, 380, 300, 650, 58.47, 74, 285, 150, 500, 57, 'Mumbai-City', '', 44.78, 'MARATHI', 2015),
('15IN1055', 'A2', 'BHAGAT PRATIK BHAKSKAR BHAGYASHRI', 'I', 54, 45, 67, 166, 390, 300, 650, 60, 104, 424, 150, 550, 77.1, 'Raigad', 'Electronics', 51.3639, 'MARATHI', 2015),
('15IN1056', 'F3', 'PATIL PRATIK MURLIDHAR SHOBHA', 'I', 60, 63, 78, 201, 496, 300, 650, 76.31, 132, 466, 150, 550, 84.73, 'Raigad', 'Electronics', 0, 'MARATHI', 2015),
('15IN1057', 'C2', 'JADHAV SAHIL MANGESH REKHA', 'I', 46, 53, 57, 156, 432, 300, 650, 66.47, 114, 395, 150, 500, 79, 'Mumbai-City', 'Computer Science', 51.09, 'MARATHI', 2015),
('15IN1058', 'I1', 'SAWANT SATYAM ASHOK AKSHATA', 'I', 72, 64, 72, 208, 481, 300, 650, 74, 131, 493, 150, 550, 89.64, 'Sindudurg', '', 69.4568, 'MARATHI', 2015),
('15IN1059', 'D2', 'KOLI SANKET DEEPAK NIRMALA', 'I', 67, 61, 56, 184, 351, 300, 500, 70.2, 80, 364, 100, 500, 72.8, 'Raigad', 'Computer Science', 44.5131, 'MARATHI', 2015),
('15IN1060', 'D3', 'MALI ANAY ANANT ANAGHA', 'I', 67, 57, 72, 196, 452, 300, 650, 69.54, 141, 517, 150, 550, 94, 'Thane', 'Computer Science', 83.1081, 'MARATHI', 2015),
('15IN1061', 'E1', 'MANE UTKARSH BALARAM NAMRATA', 'I', 57, 44, 44, 145, 382, 300, 650, 58.77, 83, 423, 100, 500, 84.6, 'Thane', '', 52.2854, 'MARATHI', 2015),
('15IN1062', 'B1', 'DESAI SHREYAS NEELKANT SUVARNA', 'I', 53, 57, 62, 172, 475, 300, 650, 73.08, 135, 503, 150, 550, 91.46, 'Mumbai-City', 'Computer Science', 54.89, 'MARATHI', 2015),
('15IN1063', 'G3', 'PINGLE YOGISHA SATISH ANAMIKA', 'I', 51, 48, 48, 171, 385, 300, 650, 59.24, 123, 458, 150, 550, 83.28, 'Thane', 'Computer Science', 49.221, 'MARATHI', 2015),
('15IN1064', 'F2', 'PATIL ADITYA RAJENDRA PRIYANKA', 'I', 71, 62, 57, 190, 457, 300, 650, 70.31, 108, 432, 150, 550, 78.55, 'Raigad', '', 56.5857, 'MARATHI', 2015),
('15IN1065', 'G1', 'PATIL SAHIL NARESH NILEEMA', 'I', 48, 47, 65, 160, 453, 300, 650, 69.7, 143, 481, 150, 550, 87.46, 'Mumbai-City', 'Electrical Maintenance', 0, 'marathi', 2015),
('15IN1066', 'F3', 'PATIL PRANIT DEVANAND DEVAYANI', 'I', 41, 44, 49, 156, 362, 300, 650, 55.7, 93, 381, 150, 500, 76.2, 'Raigad', 'Electronics', 30.94, 'MARATHI', 2015),
('15IN1067', 'A1', 'ANJANIKAR ADITYA SHASHIKANT MEDINI', 'I', 46, 44, 44, 160, 390, 300, 650, 60, 106, 413, 150, 550, 75.1, 'Mumbai-City', 'Computer Science', 27.3183, 'marathi', 2015),
('15IN1068', 'A3', 'CHATURVEDI RISHABH SANTOSH NISHA', 'I', 46, 51, 54, 151, 382, 300, 650, 58.77, 112, 407, 150, 550, 74, 'Mumbai-City', '', 52.5068, 'hindi', 2015),
('15IN1069', 'A3', 'CHANDANSHIVE JAYESH SUNIL VANDANA', 'I', 54, 41, 36, 180, 306, 300, 650, 47.08, 92, 274, 150, 550, 49.82, 'Thane', '', 17.1247, 'MARATHI', 2015),
('15IN1070', 'A1', 'APRAADH URMISHU ULHAS UTKRSHA', 'I', 51, 52, 43, 154, 374, 300, 650, 57.54, 70, 344, 150, 500, 68.8, 'Raigad', '', 25.6894, 'MARATHI', 2015),
('15IN1071', 'B2', 'DESHMUKH PUSHKAR SANJAY SNEHA', 'I', 37, 50, 41, 142, 365, 300, 650, 56.16, 104, 407, 150, 550, 74, 'Thane', 'Electronics', 27.089, 'MARATHI', 2015),
('15IN1072', 'J3', 'YADAV NIKHIL OMPRAKASH ANNAPURNA', 'I', 43, 55, 51, 150, 392, 300, 650, 60.31, 124, 452, 150, 550, 82.19, 'Thane', '', 57.51, 'HINDI', 2015),
('15IN1073', 'F1', 'PANDIT HRISHIKESH MUKESH SWATI', 'I', 50, 52, 57, 159, 459, 300, 650, 70.62, 133, 487, 150, 550, 88.55, 'Thane', 'Computer Science', 0, 'marathi', 2015),
('15IN1074', 'C2', 'ITHAPE SURBHI JITENDRAKUMAR KUNDA', 'I', 52, 62, 58, 172, 426, 300, 650, 65.54, 119, 418, 150, 500, 83.6, 'Mumbai-City', '', 52.9, 'MARATHI', 2015),
('15IN1075', 'G2', 'PAWAR GAURAV SUNIL NEHA', 'I', 44, 42, 43, 150, 327, 300, 650, 50.31, 87, 333, 150, 550, 60.55, 'Raigad', 'Computer Science', 29.6985, 'Marathi', 2015),
('15IN1076', 'E1', 'MHATRE RACHANA SUBHASH GEETA', 'I', 65, 68, 53, 186, 332, 300, 500, 66.4, 94, 435, 100, 500, 87, 'Raigad', '', 40.0042, 'MARATHI', 2015),
('15IN1077', 'H2', 'SADKE HARSHAL JITENDRA VANDANA', 'I', 41, 57, 45, 175, 439, 300, 650, 67.54, 100, 392, 150, 500, 78.4, 'Thane', 'Computer Science', 36.2165, 'MARATHI', 2015),
('15IN1078', 'D1', 'KHOCHARE CHINMAY MAHESH VARSHA', 'I', 66, 64, 70, 200, 380, 300, 500, 76, 71, 397, 100, 500, 79.4, 'Thane', '', 54.9284, 'MARATHI', 2015),
('15IN1079', 'C2', 'JHA AMIT HARISHCHANDRA BABITA', 'I', 46, 40, 58, 187, 401, 300, 650, 61.7, 128, 412, 150, 550, 74.91, 'Thane', 'Electronics', 56.3, 'HINDI', 2015),
('15IN1080', 'F1', 'PANCHAL BHAVIK MUKESH RANJAN', 'I', 42, 42, 58, 158, 368, 300, 650, 56.62, 105, 403, 150, 550, 73.28, 'Mumbai-City', '', 52, 'gujarati', 2015),
('15IN1081', 'D3', 'LOGDE ADNAN IQBAL MEHRUNNISA', 'I', 46, 52, 40, 157, 369, 300, 650, 56.77, 113, 338, 150, 550, 61.46, 'Thane', 'Electronics', 52.9276, 'hindi', 2015),
('15IN1082', 'G1', 'PATOLE YAMINI SANJAY SANGEETA', 'I', 43, 46, 50, 160, 373, 300, 650, 57.39, 90, 371, 150, 500, 74.2, 'Thane', '', 39.1171, 'marathhi', 2015),
('15IN1083', 'E1', 'MHAISKAR SUMIT BANDU SARITA', 'I', 35, 52, 44, 131, 328, 300, 650, 50.47, 45, 241, 100, 500, 48.2, 'Raigad', '', 42.3799, 'MARATHI', 2015),
('15IN1084', 'C1', 'GIRI MAYUR GULAB ALKA', 'I', 63, 63, 75, 201, 448, 300, 650, 68.93, 109, 433, 150, 500, 86.6, 'Mumbai-City', '', 71.6327, 'MARATH', 2015),
('15IN1085', 'J2', 'VIRKAR SHUBHANGI RAKHAMAJI AHILYA', 'I', 56, 58, 80, 194, 465, 300, 650, 71.54, 106, 400, 150, 500, 80, 'Raigad', '', 52.59, 'MARATHI', 2015),
('15IN1086', 'I1', 'SHAIKH AQIB MOHD HANIF SHEHNAZ', 'I', 57, 57, 63, 177, 459, 300, 650, 70.62, 122, 426, 150, 550, 77.46, 'Thane', 'Computer Science', 47.7251, 'urdu', 2015),
('15IN1087', 'G3', 'PHALASANKAR HITESH PRAVIN PRANITA', 'I', 68, 74, 79, 221, 502, 300, 650, 77.24, 134, 498, 150, 550, 90.55, 'Raigad', 'Electronics', 68.31, 'MARATHI', 2015),
('15IN1088', 'B1', 'DEORE SANKET SANJAY VAISHALI', 'I', 39, 38, 42, 0, 355, 300, 650, 54.62, 85, 368, 150, 500, 73.6, 'Thane', '', 30.7352, 'MARATHI', 2015),
('15IN1089', 'D2', 'KUDKAR ISHA BHARAT SAYALI', 'I', 64, 49, 72, 185, 448, 300, 650, 68.93, 129, 448, 150, 500, 89.6, '', 'Electronics', 55.17, 'MARATHI', 2015),
('15IN1090', 'G3', 'PRADHAN AJINKYA RAGHUNATH RASIKA', 'I', 66, 70, 81, 217, 479, 300, 650, 73.7, 113, 450, 150, 550, 81.82, 'Raigad', 'Electronics', 49.67, 'MARATHI', 2015),
('15IN1091', 'J1', 'TOLKAR SHUBHAM AJIT ANAGHA', 'I', 53, 43, 58, 154, 378, 300, 650, 58.16, 101, 394, 150, 550, 71.64, 'Raigarh', 'Electronics', 32.82, 'marathi', 2015),
('15IN1092', 'E3', 'MORE NINAD PRAVIN PRERANA', 'I', 55, 49, 61, 165, 441, 300, 650, 67.85, 73, 405, 100, 500, 81, 'Thane', 'Electronics', 61.4496, 'MARATHI', 2015),
('15IN1093', 'C1', 'GHODAKE AKASH TANAJI RUKMINI', 'I', 54, 60, 60, 174, 437, 300, 650, 67.24, 126, 570, 150, 500, 114, 'Mumbai-City', '', 51.6912, 'MARATHI', 2015),
('15IN1094', 'J1', 'THAKKAR VAISHNAVI HIMANSHU CHETANA', 'I', 76, 62, 68, 206, 493, 300, 650, 75.85, 133, 495, 150, 550, 90, 'Thane', '', 63.39, 'GUJARATI', 2015),
('15IN1095', 'C3', 'KARANDE SATISH SUKHDEV BANU', 'I', 68, 72, 71, 211, 480, 300, 650, 73.85, 117, 446, 150, 550, 81.1, 'Raigad', 'Electronics', 49.3901, 'MARATHI', 2015),
('15IN1096', 'E2', 'MISHRA SHUBHAM RAVISHANKAR SUNITA', 'I', 65, 54, 66, 185, 428, 300, 600, 71.34, 128, 458, 150, 550, 83.28, 'Thane', '', 55.1791, 'HINDI', 2015),
('15IN1097', 'B1', 'COUDHARY VIPIN GYAN GYAN CHANDRA VIMLA', 'I', 76, 64, 50, 190, 367, 300, 500, 73.4, 91, 379, 100, 500, 75.8, 'Thane', 'Computer Science', 58.441, 'HINDU', 2015),
('15IN1098', 'C3', 'KADAM OMKAR ARUN ASHWINI', 'I', 46, 42, 62, 150, 408, 300, 650, 62.77, 108, 398, 150, 550, 72.37, 'Raigad', 'Computer Science', 45.7402, 'MARATHI', 2015),
('15IN1099', 'H3', 'SATRE PRATIK VILAS SINDHU', 'I', 51, 55, 71, 177, 437, 300, 650, 67.24, 108, 408, 150, 550, 74.19, 'Thane', 'Computer Science', 46.5568, 'MARATHI', 2015),
('15IN1100', 'B3', 'GHARAT GAURAV KAILASH UJJWALA', 'I', 65, 57, 60, 182, 457, 300, 650, 70.31, 81, 421, 100, 500, 84.2, 'Mumbai-City', 'Computer Science', 0, 'MARATHI', 2015),
('15IN1101', 'F1', 'PANDUGULA JYOTHIRMAYEE RAO THIRMALESHWAR SREELATHA', 'I', 85, 75, 67, 227, 370, 300, 500, 74, 0, 0, 150, 0, 0, 'Thane', 'Computer Science', 0, 'TELUGU', 2015),
('15IN1102', 'F3', 'PATIL RUCHIRA RAVINDRA RASIKA', 'I', 56, 47, 52, 155, 404, 300, 650, 62.16, 122, 440, 150, 500, 88, 'Raigad', '', 40.42, 'MARATHI', 2015),
('15IN1103', 'F1', 'PATHAN ARSHIL AZIM ABDUL RAZZAK ABIDA', 'I', 47, 59, 47, 153, 396, 300, 650, 60.93, 108, 401, 150, 550, 72.91, 'Thane', 'Computer Science', 63.39, 'HINDI', 2015),
('15IN1104', 'I2', 'SHUKLA MONICA BRIJBHUSHAN POONAM', 'I', 65, 64, 69, 198, 470, 300, 650, 72.31, 102, 382, 150, 500, 76.4, 'Thane', 'Computer Science', 55.9399, 'PUNJABI', 2015),
('15IN1105', 'A2', 'BODHANKAR SIDDHI AJIT SEEMA', 'I', 58, 59, 66, 183, 469, 300, 650, 72.16, 113, 413, 150, 500, 82.6, 'Raigad', 'Electronics', 0, 'marathi', 2015),
('15IN1106', 'A2', 'BHARTI NAVNEET KISHOR', 'I', 76, 63, 52, 191, 358, 300, 500, 71.6, 81, 420, 100, 500, 84, 'Thane', 'Computer Science', 57.9311, 'HINDI', 2015),
('15IN1107', 'J3', 'VORA JAYKUMAR HASMUKHBHAI SHARDABEN', 'I', 53, 56, 59, 168, 431, 300, 650, 66.31, 66, 370, 100, 500, 74, 'Rajkot', 'Computer Science', 0, 'GUJARATI', 2015),
('15IN1108', 'C1', 'GOLE SHUBHAM BHAGWAN SUVARNA', 'I', 54, 64, 42, 160, 374, 300, 650, 57.54, 101, 363, 150, 550, 66, 'Thane', '', 30.9772, 'MARATHI', 2015),
('15IN1109', 'B3', 'GAWAI AMIT HARIHARDAS NILIMA', 'I', 60, 60, 83, 203, 416, 300, 650, 64, 142, 480, 142, 480, 100, 'Thane', 'Computer Science', 0, 'MARATHI', 2015),
('15IN1110', 'H3', 'PARKAR NINAD ANIL CHHAYA', 'I', 61, 53, 75, 189, 474, 300, 650, 72.93, 134, 498, 134, 498, 100, 'Thane', 'Computer Science', 0, 'MARATHI', 2015),
('15IN1112', 'H1', 'DHANAWADE OMKAR VISHNU RANJANA', 'I', 61, 49, 64, 174, 408, 300, 650, 62.77, 132, 462, 132, 462, 100, 'Thane', '', 0, 'marathi', 2015),
('15IN1113', 'I1', 'VAHALKAR UDIT NITIN ANITA', 'I', 54, 50, 63, 167, 446, 300, 650, 68.62, 126, 494, 126, 494, 100, 'Thane', 'Computer Science', 0, 'MARATHI', 2015),
('15IN1114', 'I1', 'DONGARGAONKAR MOHIT DILIP MEENAL', 'I', 80, 64, 43, 187, 329, 300, 650, 50.62, 75, 375, 75, 375, 100, 'Mumbai-City', '', 0, 'marathi', 2015),
('15IN1115', 'I2', 'PATIL ANIKET ANAND SUNITA', 'I', 63, 55, 55, 173, 431, 300, 650, 66.31, 131, 488, 131, 488, 100, 'Mumbai-City', 'Computer Science', 0, 'marathi', 2015),
('15IN1116', 'I3', 'IYENGAR ANUSHKA SHRIKANT SANGEETA', 'I', 57, 59, 64, 180, 441, 300, 650, 67.85, 81, 425, 81, 425, 100, 'Mumbai-City', '', 0, 'TAMIL', 2015),
('15IN1117', 'I2', 'SHEIKH AZHAR RAFEEQ JAMILA', 'I', 65, 57, 72, 194, 0, 300, 650, 0, 131, 464, 131, 464, 100, 'Thane', 'Civil Engineering', 0, 'hindi', 2015),
('15IN1118', 'I2', 'JALADI JYOTI SATYEN RAO RAMAKUMARI', 'I', 49, 55, 69, 173, 460, 300, 650, 70.77, 133, 489, 133, 489, 100, 'Mumbai-City', 'Electronics', 0, 'TELEGU', 2015),
('15IN1119', 'I3', 'SHAHU KRISHNA SURAJ SHARMISTA', 'I', 42, 54, 49, 169, 409, 300, 650, 62.93, 111, 392, 111, 392, 100, 'Mumbai-City', 'Electronics', 0, 'oriya', 2015),
('15IN1120', 'I2', 'SINGH SAURABH RAJESH PINKAL', 'I', 65, 55, 60, 180, 439, 300, 650, 67.54, 124, 425, 124, 425, 100, 'Mumbai-City', '', 0, 'HINDI', 2015),
('15IN2001', 'D1', 'KAWALE PREET SHRIKANT ARUNA', 'I', 53, 40, 65, 158, 0, 300, 650, 0, 104, 389, 104, 389, 100, 'Raigad', 'Electronics', 0, 'MARATHI', 2015),
('15IN2002', 'B1', 'DALVI SAHIL DATTATRAY KALPANA', 'I', 41, 0, 45, 141, 350, 300, 650, 53.85, 83, 329, 83, 329, 100, 'Thane', '', 0, 'MARATHI', 2015),
('15IT1001', 'F1', 'AGARWAL SIYA RAVI UMA', 'T', 73, 68, 82, 223, 501, 300, 650, 77.08, 145, 503, 150, 550, 91.46, 'Mumbai-City', '', 91.6246, 'hindi', 2015),
('15IT1002', 'F1', 'BHAVE NEEL NINAD SWATI', 'T', 79, 79, 82, 240, 546, 300, 650, 84, 139, 503, 150, 550, 91.46, 'Thane', 'Computer Science', 90.64, 'MARATHI', 2015),
('15IT1003', 'F1', 'ADDAGATLA SHIRISHA KASHINATH SUVARNA', 'T', 72, 70, 74, 216, 479, 300, 650, 73.7, 129, 455, 150, 550, 82.73, 'Thane', '', 72.58, 'TELUGU', 2015),
('15IT1004', 'F1', 'DAWAL NAMRATA PRABHAKAR APARNA', 'T', 86, 76, 95, 257, 554, 300, 650, 85.24, 118, 453, 150, 500, 90.6, 'Mumbai-City', '', 92.8471, 'MARATHI', 2015),
('15IT1005', 'F1', 'CHAUDHARI   AKSHAY   KAMLAKAR   SHAILAJA', 'T', 70, 55, 87, 212, 459, 300, 650, 70.62, 127, 461, 150, 550, 83.82, 'Jalgaon', 'Computer Science', 58.61, 'MARATHI', 2015),
('15IT1006', 'F2', 'KAMBLE PRADNYA SUNIL SHOBHA', 'T', 66, 63, 65, 194, 452, 300, 650, 69.54, 117, 432, 150, 0, 0, 'Thane', '', 70.6259, 'MARATHI', 2015),
('15IT1007', 'G1', 'PATHAK VEDANT RAJENDRA NILIMA', 'T', 76, 75, 74, 225, 440, 300, 650, 67.7, 124, 426, 150, 550, 77.46, 'Nandurbar', '', 66.1893, 'MARATHI', 2015),
('15IT1008', 'F2', 'JAIN KANISHKA SANJAY VARSHA', 'T', 80, 73, 96, 249, 573, 300, 650, 88.16, 147, 526, 150, 550, 95.64, 'Mumbai-City', 'Computer Science', 87.99, 'MARATHI', 2015),
('15IT1009', 'G3', 'SHIRKAR PRATIK PRADEEP POOJA', 'T', 65, 66, 60, 191, 460, 300, 650, 70.77, 138, 488, 150, 550, 88.73, 'Thane', '', 67.0212, 'marathi', 2015),
('15IT1010', 'F2', 'JAWARE SHIVAM VISHWAPRIYA KALPANA', 'T', 58, 53, 44, 155, 409, 300, 650, 62.93, 133, 466, 150, 550, 84.73, 'Jalgaon', '', 56.6421, 'MARATHI', 2015),
('15IT1011', 'F2', 'GAWARI RUSHALI DINESH SANGEETA', 'T', 45, 48, 39, 153, 368, 300, 650, 56.62, 104, 423, 150, 500, 84.6, 'Thane', 'Computer Science', 27.2406, 'MARATHI', 2015),
('15IT1012', 'F3', 'MHABADI MAHESH MANOHAR MEENAL', 'T', 71, 63, 94, 228, 492, 300, 650, 75.7, 130, 481, 150, 550, 87.46, 'Mumbai-City', '', 87.7991, 'MARATHI', 2015),
('15IT1013', 'F1', 'BOGA GANESH GANGADHAR LAXMI', 'T', 80, 55, 82, 217, 464, 300, 650, 71.39, 137, 456, 150, 550, 82.91, 'Thane', '', 76.62, 'TELUGU', 2015),
('15IT1014', 'G1', 'PATLE SUMEET DIGAMBAR', 'T', 51, 61, 53, 165, 458, 300, 650, 70.47, 132, 503, 150, 550, 91.46, 'Gondia', '', 53.537, 'MARATHI', 2015),
('15IT1015', 'F3', 'MAHIDA URMIT MANUBHAI MANJULABEN', 'T', 76, 57, 99, 232, 533, 300, 650, 82, 142, 499, 150, 550, 90.73, 'Mumbai-City', 'Computer Science', 75.0489, 'GUJRATI', 2015),
('15IT1016', 'F3', 'MALI NARESH CHANDRASHEKHAR SUMATI', 'T', 83, 68, 75, 226, 495, 300, 650, 76.16, 128, 452, 150, 500, 90.4, 'Thane', 'Computer Science', 79.7387, 'MARATHI', 2015),
('15IT1017', 'G3', 'TAMBE KRUTTIKA KASHINATH SUNITA', 'T', 44, 48, 58, 150, 399, 300, 650, 61.39, 120, 445, 150, 500, 89, 'Satara', '', 47.65, 'MARATHI', 2015),
('15IT1018', 'F3', 'MANIAR HEMAL TARUN PREETI', 'T', 46, 54, 54, 154, 470, 300, 650, 72.31, 94, 489, 100, 500, 97.8, 'Pune', 'Computer Science', 67.2019, 'GUJARATHI', 2015),
('15IT1019', 'G1', 'NALAWADE SHREYA SHASHIKANT SWATI', 'T', 71, 71, 87, 229, 523, 300, 650, 80.47, 81, 430, 100, 500, 86, 'Pune', '', 80.0485, 'MARATHI', 2015),
('15IT1020', 'G2', 'SHAH HARSH JATIN DIVYA', 'T', 74, 76, 80, 230, 499, 300, 650, 76.77, 130, 462, 150, 550, 84, 'Raigad', '', 89.6267, 'GUJRATI', 2015),
('15IT1021', 'F3', 'KHARCHE  AISHWARYA VISHNU USHA', 'T', 74, 72, 90, 236, 539, 300, 650, 82.93, 131, 501, 150, 550, 91.1, 'Thane', 'Computer Science', 86.82, 'MARATHI', 2015),
('15IT1022', 'G3', 'THOKAL  CHARUSHILA MAHESH JYOTI', 'T', 78, 69, 70, 217, 522, 300, 650, 80.31, 140, 511, 150, 550, 92.91, 'Thane', 'Electrical Maintenance', 78.1337, 'marathi', 2015),
('15IT1023', 'F2', 'GOSAI SIMRAN DILBARSINGH BEENA', 'T', 95, 87, 65, 247, 430, 300, 500, 86, 91, 468, 100, 500, 93.6, 'Thane', '', 0, 'HINDI', 2015),
('15IT1024', 'G1', 'PATIL NIKHIL DHONDU JAYASHREE', 'T', 79, 53, 75, 207, 499, 300, 650, 76.77, 139, 469, 150, 550, 85.28, 'Raigad', 'Electronics', 80.07, 'MARATHI', 2015),
('15IT1025', 'F1', 'DAMANI SMITA SANJAY DEEPALI', 'T', 79, 78, 77, 234, 558, 300, 650, 85.85, 140, 497, 150, 550, 90.37, 'Mumbai-City', 'Computer Science', 0, 'HINDI', 2015),
('15IT1026', 'G3', 'VISHE SANJAL ANIL ASHA', 'T', 95, 88, 90, 273, 465, 300, 500, 93, 94, 464, 100, 550, 84.37, 'Thane', 'Computer Science', 79.7875, 'MARATHI', 2015),
('15IT1027', 'G1', 'PHADE HARSHAL RUSHIRAJ KOMAL', 'T', 76, 73, 76, 225, 529, 300, 650, 81.39, 133, 473, 150, 550, 86, 'Thane', 'Computer Science', 88.0147, 'MARATHI', 2015),
('15IT1028', 'G3', 'SUMBHA SHIVANI RAJEEV MEENA', 'T', 66, 68, 38, 172, 355, 300, 500, 71, 91, 467, 100, 500, 93.4, 'Nagpur', '', 40.6317, 'MARATHI', 2015),
('15IT1029', 'G2', 'SARGAR ONKAR BABAN RESHMA', 'T', 43, 55, 44, 147, 390, 300, 650, 60, 122, 423, 150, 500, 84.6, 'Mumbai-City', '', 67.9395, 'MARATHI', 2015),
('15IT1030', 'F3', 'KHAIRMODE SHIVANI GANESH NANDA', 'T', 48, 45, 59, 152, 403, 300, 650, 62, 101, 414, 150, 550, 75.28, 'Thane', 'Computer Science', 53.5653, 'MARATHI', 2015),
('15IT1031', 'F2', 'GHARGE ROHIT SUDAM SUSHMA', 'T', 78, 70, 80, 228, 497, 300, 650, 76.47, 122, 427, 150, 500, 85.4, 'Thane', '', 88.33, 'MARATHI', 2015),
('15IT1032', 'F2', 'GAIKWAD SAYALI KIRAN JYOTI', 'T', 57, 59, 61, 177, 417, 300, 650, 64.16, 133, 475, 150, 550, 86.37, 'Thane', '', 44.976, 'MARATHI', 2015),
('15IT1033', 'F2', 'HUKARE SHUBHAM PURUSHOTTAM SANGITA', 'T', 91, 78, 87, 256, 558, 300, 650, 85.85, 143, 497, 150, 550, 90.37, 'Thane', 'Computer Science', 88.9241, 'MARATHI', 2015),
('15IT1034', 'G2', 'SHENDGE OMKAR NITIN KAVITA', 'T', 69, 90, 67, 226, 383, 300, 500, 76.6, 81, 406, 100, 500, 81.2, 'Raigad', '', 69.5283, 'marathi', 2015),
('15IT1035', 'G1', 'PAHANE SNEHAL MAHESH ROHINI', 'T', 83, 71, 83, 237, 521, 300, 650, 80.16, 140, 516, 150, 550, 93.82, 'Thane', '', 87.8398, 'marathi', 2015),
('15IT1036', 'G1', 'PATHARE RAJ GANESH SWATI', 'T', 87, 79, 93, 259, 559, 300, 650, 86, 147, 487, 150, 550, 88.55, 'Thane', 'Electronics', 86.856, 'MARATHI', 2015),
('15IT1037', 'G3', 'TAVATE JIDNYASA SURENDRA', 'T', 85, 88, 90, 263, 577, 300, 650, 88.77, 145, 528, 150, 550, 96, 'Thane', 'Electronics', 0, 'MARATHI', 2015),
('15IT1038', 'F2', 'JAIN PAYAL NEMICHAND KAVITA', 'T', 76, 76, 79, 231, 510, 300, 650, 78.47, 145, 516, 150, 550, 93.82, 'Thane', '', 93.7165, 'MARVADI', 2015),
('15IT1039', 'G2', 'SHAIKH AMAAN IMAM RASHIDA', 'T', 89, 85, 95, 269, 571, 300, 650, 87.85, 144, 505, 150, 550, 91.82, 'Mumbai-City', 'Computer Science', 0, 'URDU', 2015),
('15IT1040', 'F2', 'GHARAT NAMRATA DILIP DAKSHATA', 'T', 88, 68, 82, 238, 519, 300, 650, 79.85, 142, 519, 150, 550, 94.37, 'Raigad', '', 84.9854, 'MARATHI', 2015),
('15IT1041', 'G3', 'TARMALE HARSHAL VILAS MILAN', 'T', 58, 65, 83, 206, 531, 300, 650, 81.7, 142, 487, 150, 550, 88.55, 'Thane', 'Electrical Maintenance', 81.003, 'MARATHI', 2015),
('15IT1042', 'F1', 'BHALERAO SHIVANI GHANASHYAM SWATI', 'T', 65, 54, 77, 196, 471, 300, 650, 72.47, 141, 507, 150, 550, 92.19, 'Thane', 'Computer Science', 86.7503, 'MARATHI', 2015),
('15IT1043', 'G2', 'SHINGNE ANIKET RAMDAS  ANJALI', 'T', 56, 75, 67, 198, 448, 300, 650, 68.93, 108, 412, 150, 550, 74.91, 'Ahmednagar', '', 52.9633, 'MARATHI', 2015),
('15IT1044', 'F2', 'JADHAV ANIKET RAMCHANDRA CHITRA', 'T', 81, 82, 65, 228, 416, 300, 500, 83.2, 92, 457, 100, 500, 91.4, 'Mumbai-City', 'Computer Science', 73.67, 'MARATHI', 2015),
('15IT1045', 'G1', 'POFARE KETAN BHUSHAN', 'T', 37, 53, 39, 148, 380, 300, 650, 58.47, 50, 360, 100, 500, 72, 'Nagpur', '', 43.2801, 'MARATHI', 2015),
('15IT1046', 'G1', 'PATIL PRIYANKA PRAMOD VAISHALI', 'T', 73, 55, 67, 195, 449, 300, 650, 69.08, 137, 490, 150, 550, 89.1, 'Thane', '', 0, 'MARATHI', 2015),
('15IT1047', 'G3', 'YERAM SAYALI PANDHARINATH MADHUMITA', 'T', 81, 66, 87, 234, 501, 300, 650, 77.08, 139, 523, 150, 550, 95.1, 'Mumbai-City', '', 87.3116, 'MARATHI', 2015),
('15IT1048', 'F3', 'MALI VIPUL NILESH SADHANA', 'T', 78, 85, 79, 242, 517, 300, 650, 79.54, 121, 475, 150, 550, 86.37, 'Nandurbar', '', 60.6678, 'MARATHI', 2015),
('15IT1049', 'F2', 'DIXIT PRANAV  SUNIL SWATI', 'T', 87, 71, 56, 214, 381, 300, 500, 76.2, 71, 418, 100, 500, 83.6, 'Mumbai-City', '', 57.446, 'marathi', 2015),
('15IT1050', 'G3', 'WASNIK SANKET RAVIKIRAN JYOTI', 'T', 39, 45, 54, 165, 412, 300, 650, 63.39, 140, 501, 150, 550, 91.1, 'Nagpur', 'Computer Science', 46.0979, 'marathi', 2015),
('15IT1051', 'G2', 'SARDA VAIBHAV SHYAMSUNDER SANGITA', 'T', 65, 67, 47, 179, 434, 300, 650, 66.77, 118, 432, 150, 550, 78.55, 'Nanded', '', 54.56, 'MARWADI', 2015),
('15IT1052', 'F1', 'BORKAR SHRUTHI RADHAKRISHNA RAJANI', 'T', 86, 75, 92, 253, 536, 300, 650, 82.47, 146, 518, 150, 550, 94.19, 'Mumbai-City', '', 90.321, 'KONKANI', 2015),
('15IT1053', 'G1', 'PATIL RUTUJA GOPAL SEEMA', 'T', 74, 70, 81, 225, 506, 300, 650, 77.85, 148, 523, 150, 550, 95.1, 'Mumbai-City', '', 82.6874, 'marathi', 2015),
('15IT1054', 'F2', 'KANUNGO ANUSHA BACHCHAN AMRITA', 'T', 91, 88, 93, 272, 457, 300, 500, 91.4, 95, 475, 100, 500, 95, 'Dewas', 'Computer Science', 0, 'hindi', 2015),
('15IT1055', 'G3', 'UPADHYAY AKASH BASHISTHA SHASHI', 'T', 72, 67, 85, 224, 477, 300, 650, 73.39, 137, 461, 150, 550, 83.82, 'Mumbai-City', 'Computer Science', 89.0008, 'HINDI', 2015),
('15IT1056', 'F1', 'DAWALEKAR PRIYANKA SANJAY ANITA', 'T', 71, 60, 57, 188, 435, 300, 650, 66.93, 113, 418, 150, 500, 83.6, 'Raigad', '', 77.6, 'MARATHI', 2015),
('15IT1057', 'F2', 'GITE GANESH KADUBA SHOBHA', 'T', 59, 53, 67, 179, 444, 300, 650, 68.31, 126, 498, 150, 550, 90.55, 'Thane', 'Computer Science', 62.26, 'MARATHI', 2015),
('15IT1058', 'G1', 'RATHI VARUN VINAY MRIDULA', 'T', 77, 73, 84, 234, 532, 300, 650, 81.85, 135, 502, 150, 550, 91.28, 'Mumbai-City', '', 88.6318, 'HINDI', 2015),
('15IT1059', 'F3', 'NAIR GAYATHRI BALAKRISHNAN JAYALAKSHMI', 'T', 84, 82, 90, 256, 512, 300, 650, 78.77, 91, 458, 100, 500, 91.6, 'Thane', '', 90.4502, 'MALAYALAN', 2015),
('15IT1060', 'G1', 'PAGARE ANIKET ASHOK SUNITA', 'T', 51, 55, 62, 168, 416, 300, 650, 64, 117, 425, 150, 550, 77.28, 'Thane', '', 73.0179, 'MARATHI', 2015),
('15IT1061', 'F2', 'KAMATH SHWETA DINESH SUDHA', 'T', 80, 78, 90, 248, 572, 300, 650, 88, 146, 528, 150, 550, 96, 'Mumbai-City', 'Computer Science', 71.2756, 'KONKANI', 2015),
('15IT1062', 'F3', 'MANDALE PUSHPA BHIMRAO KALPANA', 'T', 54, 63, 53, 170, 430, 300, 650, 66.16, 110, 429, 150, 500, 85.8, 'Thane', '', 43.1078, 'MARATHI', 2015),
('15IT1063', 'G2', 'SALUNKHE ADITYA SURESH SUNITA', 'T', 74, 69, 72, 215, 520, 300, 650, 80, 142, 508, 150, 550, 92.37, 'Mumbai-City', 'Electronics', 86.1756, 'MARATHI', 2015),
('15IT1064', 'F3', 'KATKAR ANUJA RAGHUNATH PRATIBHA', 'T', 83, 83, 94, 260, 529, 300, 650, 81.39, 131, 493, 150, 550, 89.64, 'Mumbai-City', '', 86.158, 'marathi', 2015),
('15IT1065', 'F3', 'MHATRE BHUSHAN GHANSHYAM MHATRE', 'T', 59, 62, 74, 195, 443, 300, 650, 68.16, 123, 456, 150, 550, 82.91, 'Raigad', 'Computer Science', 77.953, 'MARATHI', 2015),
('15IT1066', 'F2', 'GANGAWANE SIDDHANT SANJAY MITA', 'T', 41, 43, 42, 147, 369, 300, 650, 56.77, 123, 441, 150, 550, 80.19, 'Satara', '', 23.91, 'MARATHI', 2015),
('15IT1067', 'F1', 'ANEKAR SHRUTI RAJU SNEHAL', 'T', 57, 65, 75, 197, 500, 300, 650, 76.93, 139, 498, 150, 550, 90.55, 'Mumbai-City', 'Computer Science', 81.7678, 'MARATHI', 2015),
('15IT1068', 'G3', 'TALELE SHREYA JITENDRA DEEPALI', 'T', 76, 66, 93, 235, 539, 300, 650, 82.93, 146, 512, 150, 550, 93.1, 'Thane', 'Computer Science', 84.0457, 'marathi', 2015),
('15IT1069', 'G2', 'ROY CHOWDHURY AKASH SAMAR SUCHITRA', 'T', 71, 68, 84, 223, 531, 300, 650, 81.7, 140, 511, 150, 550, 92.91, 'Raigad', 'Electronics', 84.3159, 'Bengali', 2015),
('15IT1070', 'G2', 'SARAF VAIBHAV SATISH ANITA', 'T', 80, 72, 78, 230, 556, 300, 650, 85.54, 143, 524, 150, 550, 95.28, 'Thane', 'Electrical Maintenance', 89.0212, 'MARATHI', 2015),
('15IT1071', 'G3', 'SURI RAMANDEEP HARVINDER PINKY', 'T', 80, 60, 72, 212, 496, 300, 650, 76.31, 92, 500, 100, 550, 90.91, 'Thane', 'Computer Science', 83.4573, 'PUNJABI', 2015),
('15IT1072', 'F2', 'JOHARAPURKAR DEVESH SURESH SUREKHA', 'T', 58, 50, 65, 173, 433, 300, 650, 66.62, 126, 435, 150, 550, 79.1, 'Nagpur', 'Electronics', 42.6042, 'MARATHI', 2015),
('15IT1073', 'G2', 'SAGAR ANKIT NAHARSINGH MEENA', 'T', 62, 55, 79, 196, 464, 300, 650, 71.39, 137, 480, 150, 550, 87.28, 'Thane', '', 71, 'HINDU', 2015),
('15IT1074', 'F3', 'MAHAJAN SAYALI SUNIL PRATIBHA', 'T', 39, 41, 55, 149, 357, 300, 650, 54.93, 71, 380, 100, 500, 76, 'Thane', '', 21.846, 'Marathi', 2015),
('15IT1075', 'G1', 'PADAN GURMEET SINGH SURENDER SINGH PARAMJEET KAUR', 'T', 39, 40, 46, 138, 342, 300, 650, 52.62, 46, 315, 100, 500, 63, 'Nagpur', '', 23.2664, 'PUNJABI', 2015),
('15IT1076', 'F3', 'NAIR N.K.ABHIJITH VINOD SHALINI', 'T', 73, 76, 88, 237, 533, 300, 650, 82, 137, 470, 150, 550, 85.46, 'Mumbai-City', 'Computer Science', 0, 'malayalam', 2015),
('15IT1077', 'G3', 'SHINGNE SHIVANI NANDKISHOR SANGEETA', 'T', 87, 69, 78, 234, 547, 300, 650, 84.16, 138, 486, 150, 550, 88.37, 'Thane', 'Computer Science', 83.9718, 'marathi', 2015),
('15IT1078', 'F1', 'DESHMUKH GANESH ASHOK SEEMA', 'T', 72, 68, 77, 217, 471, 300, 650, 72.47, 117, 452, 150, 500, 90.4, 'Thane', 'Computer Science', 88.31, 'MARATHI', 2015),
('15IT1079', 'G3', 'VIJAY BHARAT JAI KUMAR USHA', 'T', 50, 53, 54, 157, 428, 300, 650, 65.85, 83, 493, 100, 550, 89.64, 'Mumbai-City', 'Scooter & Motor Cycle Servicing', 0, 'MALYALAM', 2015),
('15IT1080', 'F1', 'BAGDE SAHIL KAILASH YOGITA', 'T', 37, 50, 35, 136, 350, 300, 650, 53.85, 99, 363, 150, 550, 66, 'Nagpur', 'Electronics', 21.23, 'MARATHI', 2015),
('15IT1081', 'F1', 'DAHAKE ASHWINI RAJENDRA JYOTI', 'T', 65, 65, 63, 193, 452, 300, 650, 69.54, 102, 406, 150, 500, 81.2, 'Buldhana', '', 57, 'marathi', 2015),
('15IT1082', 'F1', 'BOGA UMARANI SHANKAR LATA', 'T', 67, 63, 71, 201, 456, 300, 650, 70.16, 128, 441, 150, 550, 80.19, 'Thane', '', 78.07, 'TELUGU', 2015),
('15IT1083', 'F3', 'KARIYA JANVI VINOD SANDHYA', 'T', 49, 56, 72, 177, 479, 300, 650, 73.7, 114, 439, 150, 500, 87.8, 'Akola', 'Computer Science', 61.63, 'GUJARTHI', 2015),
('15IT1084', 'G3', 'VISHWAKARMA ABHISHEK BRIJRAJ GEETA', 'T', 82, 81, 87, 250, 554, 300, 650, 85.24, 148, 519, 150, 550, 94.37, 'Raigad', 'Computer Science', 87.13, 'Hindi', 2015),
('15IT1085', 'G2', 'SAPKAL KALPESH YUVRAJ BHARTI', 'T', 81, 79, 88, 248, 513, 300, 650, 78.93, 127, 487, 150, 550, 88.55, 'Thane', '', 88.2446, 'MARATHI', 2015),
('15IT1086', 'G2', 'SAH BABLI RAMSHRESHTH RENU', 'T', 85, 83, 90, 258, 555, 300, 650, 85.39, 138, 496, 150, 550, 90.19, 'Thane', '', 90.55, 'hindi', 2015),
('15IT1087', 'G1', 'RAINA AKSHAT ANIL KUMAR SUSHEELA', 'T', 91, 87, 79, 257, 440, 300, 650, 67.7, 0, 0, 0, 0, 0, 'Jammu', '', 0, 'kashmiri', 2015),
('15IT1088', 'G1', 'PATHARE AKSHADA RAMBHAU JYOTI', 'T', 63, 57, 68, 188, 462, 300, 650, 71.08, 125, 463, 125, 463, 100, 'Thane', '', 0, 'MARATHI', 2015),
('15IT1089', 'G2', 'SAVRAN KAUSHLENDRA PRATAP VIJAY PRAKASH ANJLI', 'T', 76, 78, 81, 0, 402, 300, 500, 80.4, 89, 406, 89, 406, 100, 'Raigad', '', 0, 'HINDI', 2015),
('15IT1090', 'G2', 'GIRI SWAROOP SANJEEV SUREKHA', 'T', 54, 50, 73, 177, 442, 300, 650, 68, 135, 456, 135, 456, 100, 'Thane', 'Computer Science', 0, 'Marathi', 2015),
('15IT1091', 'G1', 'DHANDE KALPESH JAGDISH SANGEETA', 'T', 50, 57, 61, 168, 442, 300, 650, 68, 139, 461, 139, 461, 100, 'Thane', 'Computer Science', 0, 'MARATHI', 2015),
('15IT1092', 'F1', 'VINCHURKAR CHINMAY GAJANAN SWATI', 'T', 71, 58, 64, 193, 487, 300, 650, 74.93, 132, 472, 132, 472, 100, 'Thane', 'Computer Science', 0, 'MARATHI', 2015),
('15IT1093', 'F3', 'BANA MONIS ABBAS AMIN BASHIRA', 'T', 66, 66, 55, 187, 484, 300, 650, 74.47, 132, 477, 132, 477, 100, 'Mumbai-City', 'Computer Science', 0, 'URDU', 2015),
('15IT1094', 'F2', 'PATEL HARDIK KARSAN MEGHIBEN', 'T', 70, 93, 80, 243, 421, 300, 650, 64.77, 83, 411, 83, 411, 100, 'Raigad', '', 0, 'GUJRATI', 2015),
('15IT1095', 'F2', 'KADAM RAHUL DILIP DEEPALI', 'T', 70, 72, 82, 224, 519, 300, 650, 79.85, 136, 509, 136, 509, 100, 'Mumbai-City', 'Electrical Maintenance', 0, 'Marathi', 2015),
('15IT1096', 'F2', 'DASH SOMANI BALAKRISHNA MAMITA', 'T', 61, 75, 92, 228, 528, 300, 650, 81.24, 145, 480, 145, 480, 100, 'Thane', '', 0, 'odia', 2015),
('15IT1097', 'F3', 'HARIYA PRATIK HASMUKH SARLA', 'T', 74, 71, 88, 233, 495, 300, 650, 76.16, 129, 441, 129, 441, 100, 'Mumbai-City', '', 0, 'GIJARATI', 2015),
('15IT1098', 'F3', 'YADAV ASHISH PRAVIN KIRAN', 'T', 45, 64, 49, 158, 383, 300, 650, 58.93, 83, 312, 83, 312, 100, 'Mumbai-City', '', 0, 'HINDI', 2015),
('15IT1099', 'F2', 'RATHOD PRESHIT KAUSHIK KIRTIKA', 'T', 58, 60, 79, 197, 446, 300, 650, 68.62, 127, 448, 127, 448, 100, 'Mumbai-City', '', 0, 'GUJARATI', 2015),
('15IT2001', 'F1', 'CHAKRABORTY SOHINI SEKHAR NABANITA', 'T', 73, 62, 52, 187, 357, 300, 500, 71.4, 0, 0, 0, 0, 0, 'Raigad', 'Computer Science', 0, 'BENGALI', 2015),
('15IT2002', 'G2', 'SHINDE MADHAVI RAMAKANT RICHA', 'T', 0, 0, 0, 0, 0, 300, 650, 0, 0, 0, 0, 0, 0, 'Sindudurg', '', 0, 'MARATHI', 2015),
('15IT2003', 'G2', 'SAMANT YASH GOUL NANDINI', 'T', 56, 58, 68, 182, 429, 300, 650, 66, 84, 382, 84, 382, 100, 'Raigad', '', 0, 'marathi', 2015),
('15IT2004', 'G3', 'SONTAKKE NIKITA ARVIND NEETA', 'T', 46, 60, 61, 167, 444, 300, 650, 68.31, 140, 515, 140, 515, 100, 'Mumbai-City', 'Computer Science', 0, 'MARATHI', 2015);
INSERT INTO `fe_educational_details` (`roll_no`, `batch`, `name`, `branch`, `hsc_phy`, `hsc_chem`, `hsc_math`, `hsc_pcm`, `hsc_total`, `hsc_pcm_outof`, `hsc_tot_outof`, `hsc_per`, `ssc_maths`, `ssc_total`, `ssc_maths_outof`, `ssc_tot_outof`, `ssc_per`, `board_district`, `vocational_course`, `composite_score`, `mothertongue`, `admission_year`) VALUES
('15IT2005', 'F2', 'GHADGE PRACHI RAJENDRA DHANVANTI', 'T', 52, 50, 67, 169, 451, 300, 650, 69.39, 71, 377, 71, 377, 100, 'Mumbai-City', 'Computer Science', 0, 'MARATHI', 2015),
('15IT2006', 'G1', 'RAO PUSHPENDRA SHAMBHU GUDDI', 'T', 57, 48, 43, 163, 385, 300, 650, 59.24, 101, 365, 101, 365, 100, 'Mumbai-City', '', 0, '', 2015),
('15IT2007', 'F1', 'DHAGAVKAR ANIKET NITIN LEENA', 'T', 55, 0, 59, 197, 451, 300, 650, 69.39, 110, 420, 110, 420, 100, 'Thane', 'Computer Science', 0, 'marathi', 2015),
('15IT2008', 'G3', 'SOUDAGAR ANKITA VALLABH APEKSHA', 'T', 38, 0, 50, 172, 421, 300, 650, 64.77, 133, 495, 133, 495, 100, 'Thane', 'Computer Science', 0, 'MARATHI', 2015),
('15IT2009', 'G2', 'SHAH RUCHITA MANISH DAXA', 'T', 73, 88, 66, 227, 362, 300, 500, 72.4, 0, 0, 0, 0, 0, 'Kheda', '', 0, 'gujrathi', 2015),
('15IT2010', 'G3', 'SUTAR RAJ SANDEEP SALUJA', 'T', 42, 39, 39, 0, 334, 300, 650, 51.39, 104, 343, 104, 343, 100, 'Thane', '', 0, 'MARATHI', 2015),
('15IT2011', 'G2', 'SAWANT SARVESH GAURISHANKAR SHUBHADA', 'T', 52, 53, 45, 150, 446, 300, 650, 68.62, 137, 475, 137, 475, 100, 'Thane', 'Computer Science', 0, 'MARATHI', 2015),
('15IT2012', 'G3', 'SIDHU JASPREET KAUR SUKHCHAIN SINGH KULWANT KAUR', 'T', 48, 46, 63, 157, 396, 300, 650, 60.93, 122, 474, 122, 474, 100, 'Thane', 'Electronics', 0, 'PUNJABI', 2015),
('15IT2013', 'G2', 'SHARMA ANUJ DINESH PARUL', 'T', 57, 60, 65, 182, 470, 300, 650, 72.31, 112, 437, 112, 437, 100, 'Raigad', '', 0, 'HNDI', 2015),
('15IT2014', 'F2', 'HIREMATH ASHITOSH VIVEKANAND MANJULA', 'T', 0, 0, 0, 0, 0, 300, 650, 0, 90, 530, 90, 530, 100, 'Thane', '', 0, 'kannada', 2015),
('15IT2015', 'G1', 'PATIL MANDAR BHAGWAN BHAVIKA', 'T', 53, 53, 42, 153, 393, 300, 650, 60.47, 123, 479, 123, 479, 100, 'Thane', 'Electronics', 0, 'MARATHI', 2015),
('15IT2016', 'F3', 'MENON ARAVIND JAYAKUMAR APARNA', 'T', 66, 63, 45, 174, 311, 300, 650, 47.85, 94, 465, 94, 465, 100, 'Mumbai-City', 'Computer Science', 0, 'MALYALUM', 2015),
('15IT2017', 'F3', 'KHALATKAR AMAN MANOJ NISHA', 'T', 47, 44, 51, 170, 390, 300, 650, 60, 130, 426, 130, 426, 100, 'Mumbai-City', 'Computer Science', 0, 'marathi', 2015),
('15IT2018', 'F1', 'BABAR SHWETA PRAMOD LATA', 'T', 51, 59, 65, 175, 434, 300, 650, 66.77, 81, 423, 81, 423, 100, 'Pune', '', 0, 'MARATHI', 2015),
('15IT2019', 'F1', 'BANGAR YOGESH BABAJI SANGEETA', 'T', 57, 62, 58, 177, 451, 300, 650, 69.39, 115, 391, 115, 391, 100, 'Mumbai-City', 'Computer Science', 0, 'MARATHI', 2015),
('15IT2020', 'F3', 'MANN JAIDEEP SINGH', 'T', 48, 46, 66, 160, 334, 300, 500, 66.8, 83, 473, 83, 473, 100, 'Thane', 'Computer Science', 0, 'HINDI', 2015),
('15IT2021', 'F3', 'MOON MITHIL MILIND UJJWALA', 'T', 49, 60, 66, 175, 430, 300, 650, 66.16, 0, 0, 0, 0, 0, 'Thane', 'Computer Science', 0, 'MARATHI', 2015),
('15IT2022', 'G1', 'PANDEY ADITYA SHYAM ANURAG', 'T', 53, 48, 62, 163, 0, 300, 650, 0, 83, 460, 83, 460, 100, 'Thane', 'Computer Science', 0, 'HINDI', 2015),
('15IT2023', 'F3', 'MALKANI FAIZ ASLAM RABIA', 'T', 0, 0, 0, 0, 0, 300, 600, 0, 78, 588, 78, 588, 100, 'THANE', '', 0, 'HINDI', 2015),
('15IT2024', 'G1', 'NAWADHA AKASH BHUSHAN RAMA', 'T', 73, 91, 64, 228, 476, 300, 650, 73.24, 81, 365, 81, 365, 100, 'Patiala', '', 0, 'DOGRI', 2015);

-- --------------------------------------------------------

--
-- Table structure for table `student`
--

CREATE TABLE `student` (
  `rollno` varchar(12) NOT NULL,
  `Serial_no` int(11) NOT NULL,
  `sem` int(11) NOT NULL DEFAULT '0',
  `Last_name` varchar(12) DEFAULT NULL,
  `First_name` varchar(25) DEFAULT NULL,
  `Middle_name` varchar(25) DEFAULT NULL,
  `year` varchar(5) DEFAULT NULL,
  `division` varchar(5) DEFAULT NULL,
  `batch` varchar(5) DEFAULT NULL,
  `password` varchar(50) NOT NULL DEFAULT '123',
  `Phone_no` int(10) NOT NULL,
  `email` varchar(100) NOT NULL,
  `otp` varchar(20) DEFAULT NULL
) ENGINE=InnoDB DEFAULT CHARSET=latin1;

--
-- Dumping data for table `student`
--

INSERT INTO `student` (`rollno`, `Serial_no`, `sem`, `Last_name`, `First_name`, `Middle_name`, `year`, `division`, `batch`, `password`, `Phone_no`, `email`, `otp`) VALUES
('06CE1026', 22, 0, 'BHOIR', 'SACHIN', 'JAYARAM', 'BE', 'A', 'A1', '123', 0, '', NULL),
('08CE1050', 17, 0, 'THORBOLE', 'PRIYANKA', '', 'BE', 'A', 'A3', '123', 0, '', NULL),
('09CE1079', 18, 0, 'SHINDE', 'VIRAJ', '', 'BE', 'A', 'A2', '123', 0, '', NULL),
('09CE1084', 22, 0, 'SHINDE', 'SUDIP', 'DILIP', 'TE', 'B', 'B3', '123', 0, '', NULL),
('09CE1097', 21, 0, 'KONAR', 'GANESH', '', 'BE', 'A', 'A1', '123', 0, '', NULL),
('09CE2018', 19, 0, 'RAVIRAO', 'AMAN', '', 'BE', 'A', 'A1', '123', 0, '', NULL),
('10CE1009', 15, 0, 'MORE', 'ANUJA', '', 'BE', 'A', 'A3', '123', 0, '', NULL),
('10CE1079', 16, 0, 'SURNAR', 'SHREYA', '', 'BE', 'A', 'A3', '123', 0, '', NULL),
('10CE2019', 20, 0, 'ENGINEER', 'PASHANG', '', 'BE', 'A', 'A1', '123', 0, '', NULL),
('10CE2030', 25, 0, 'SHIRSAT', 'AKSHAY', 'YUVRAJ', 'TE', 'A', 'A2', '123', 0, '', NULL),
('11CE1012', 23, 0, 'BHOYE', 'VINIT', '', 'TE', 'B', 'B3', '123', 0, '', NULL),
('11CE1028', 1, 0, 'BARE', 'MANISHA', 'RAJU', 'BE', 'A', 'A3', '123', 0, '', NULL),
('11CE1038', 16, 0, 'KAMATH', 'DEEPAK', '', 'BE', 'A', 'A2', '123', 0, '', NULL),
('11CE1047', 28, 0, 'NIMKANDE', 'SUPRIYA', '', 'TE', 'B', 'B2', '123', 0, '', NULL),
('11CE1054', 10, 0, 'MESHRAM', 'ABHISHEK', '', 'BE', 'A', 'A3', '123', 0, '', NULL),
('11CE1070', 17, 0, 'UNDE', 'PRATIKSHA', '', 'BE', 'A', 'A2', '123', 0, '', NULL),
('11CE1071', 3, 0, 'GOND', 'SHIVPRASAD', 'R.', 'BE', 'A', 'A3', '123', 0, '', NULL),
('11CE1076', 7, 0, 'GAIKWAD', 'AKASH', 'SAHEBRAO', 'BE', 'A', 'A2', '123', 0, '', NULL),
('11CE1082', 17, 0, 'TIPLE', 'MONICA', '', 'TE', 'B', 'B2', '123', 0, '', NULL),
('11CE1084', 2, 0, 'CHABUKSWAR', 'SHWETA', 'RAMESH', 'BE', 'A', 'A3', '123', 0, '', NULL),
('11CE1086', 18, 0, 'CHANDA', 'RAJENDRA', 'RAMDHAN', 'BE', 'A', 'A1', '123', 0, '', NULL),
('11CE2008', 11, 0, 'MHASKE', 'SNEHAL', 'VIKAS', 'BE', 'A', 'A3', '123', 0, '', NULL),
('11CE2017', 25, 0, 'MAHADIK', 'DAULAT', 'YASHWANT', 'TE', 'A', 'A1', '123', 0, '', NULL),
('12CE1001', 19, 0, 'YELMAR', 'AKSHAY', 'SUBHASH', 'BE', 'B', 'B2', '123', 0, '', NULL),
('12CE1002', 24, 0, 'CHAVHAN', 'RAHIL', 'PRAVIN', 'TE', 'A', 'A1', '123', 0, '', NULL),
('12CE1003', 1, 0, 'AUNDHAKAR', 'RENUKA', 'JAGANNATH', 'BE', 'A', 'A1', '123', 0, '', NULL),
('12CE1005', 8, 0, 'GAIKWAD', 'ANJALI', 'VASANT', 'BE', 'A', 'A2', '123', 0, '', NULL),
('12CE1008', 6, 0, 'GADKAR', 'EILANIT', 'HILLEL', 'BE', 'A', 'A2', '123', 0, '', NULL),
('12CE1009', 14, 0, 'MORE', 'NEELAM', 'BHAGWAN', 'BE', 'A', 'A3', '123', 0, '', NULL),
('12CE1010', 19, 0, 'PAWAR', 'MITHILA', 'VIJAY', 'BE', 'B', 'B3', '123', 0, '', NULL),
('12CE1011', 4, 0, 'KARANDE', 'VISHAL', 'SHANKAR', 'BE', 'A', 'A3', '123', 0, '', NULL),
('12CE1012', 25, 0, 'JOSHI', 'AMIT', '', 'TE', 'B', 'B3', '123', 0, '', NULL),
('12CE1013', 23, 0, 'ZOPE', 'SHUBHAM', 'PANDURANG', 'BE', 'B', 'B3', '123', 0, '', NULL),
('12CE1014', 12, 0, 'RAGHAWANI', 'KAJAL', 'LAXMAN', 'BE', 'B', 'B3', '123', 0, '', NULL),
('12CE1015', 19, 0, 'BORADE', 'TANMAY', '', 'BE', 'A', 'A2', '123', 0, '', NULL),
('12CE1016', 8, 0, 'BHAGAT', 'NIHAR', 'ARVIND', 'BE', 'A', 'A1', '123', 0, '', NULL),
('12CE1017', 5, 0, 'KOLEKAR', 'SANDESH', 'KHUSHAL', 'BE', 'A', 'A3', '123', 0, '', NULL),
('12CE1018', 21, 0, 'RATHOD', 'POOJA', 'SHANKAR', 'BE', 'B', 'B1', '123', 0, '', NULL),
('12CE1020', 22, 0, 'YADAV', 'AMEYA', 'DILIP', 'BE', 'B', 'B3', '123', 0, '', NULL),
('12CE1021', 15, 0, 'THORAT', 'MANALI', 'MAHADEV', 'BE', 'B', 'B2', '123', 0, '', NULL),
('12CE1023', 9, 0, 'MANE', 'SHREYASH', 'SANJAY', 'BE', 'A', 'A3', '123', 0, '', NULL),
('12CE1024', 20, 0, 'RAMTEKKAR', 'SHIRISH', 'CHANDRAMANI', 'BE', 'B', 'B1', '123', 0, '', NULL),
('12CE1025', 3, 0, 'BAG', 'SHREETOMA', 'SUBRATO', 'BE', 'A', 'A1', '123', 0, '', NULL),
('12CE1026', 14, 0, 'THAPAR', 'KUNAL', 'NARESH', 'BE', 'B', 'B2', '123', 0, '', NULL),
('12CE1027', 13, 0, 'HASABNIS', 'ROHAN', 'PRASAD', 'BE', 'A', 'A2', '123', 0, '', NULL),
('12CE1028', 8, 0, 'PATIL', 'CHINMAY', 'SUNIL', 'BE', 'B', 'B1', '123', 0, '', NULL),
('12CE1029', 11, 0, 'GITE', 'RUPALI', 'LILADHAR', 'BE', 'B', 'B3', '123', 0, '', NULL),
('12CE1030', 4, 0, 'NAIR', 'SAVITHA', 'SANKARANKUTTY', 'BE', 'B', 'B3', '123', 0, '', NULL),
('12CE1031', 26, 0, 'MOHAPE', 'AMEYA', 'KISHAN', 'TE', 'B', 'B3', '123', 0, '', NULL),
('12CE1032', 12, 0, 'HANAGANDI', 'PRAMOD', 'SANGAPPA', 'BE', 'A', 'A2', '123', 0, '', NULL),
('12CE1033', 12, 0, 'MOHOKAR', 'ANKIT', 'VIJAY', 'BE', 'A', 'A3', '123', 0, '', NULL),
('12CE1034', 14, 0, 'HAWALDAR', 'OMKAR', 'MANMOHAN', 'BE', 'A', 'A2', '123', 0, '', NULL),
('12CE1035', 1, 0, 'SAWANT', 'CHINMAY', 'GAJANAN', 'BE', 'B', 'B2', '123', 0, '', NULL),
('12CE1036', 2, 0, 'DABADE', 'AMIT', 'SARJERAO', 'BE', 'A', 'A2', '123', 0, '', NULL),
('12CE1038', 18, 0, 'RAJ', 'SHUBHAM', 'RAJKUMAR', 'BE', 'B', 'B1', '123', 0, '', NULL),
('12CE1039', 2, 0, 'AVHAD', 'ROHAN', 'BABAN', 'BE', 'A', 'A1', '123', 0, '', NULL),
('12CE1040', 10, 0, 'GOKARN', 'KAJAL', 'MADHUKAR', 'BE', 'A', 'A2', '123', 0, '', NULL),
('12CE1041', 28, 0, 'BHAGAT', 'SHUBHAM', 'INDRADEO', 'BE', ' B', 'B2', '123', 2147483647, 'BHAGATSHUBHAM1994@GMAIL.COM', ''),
('12CE1042', 25, 0, 'SANGAM', 'TUSHAR', 'BHARAT', 'BE', 'B', 'B1', '123', 0, '', NULL),
('12CE1044', 18, 0, 'WATHORE', 'LABHESH', 'BHAGWAN', 'BE', 'B', 'B2', '123', 0, '', NULL),
('12CE1045', 7, 0, 'LAKHOTE', 'SURABHI', 'SHAMKANT', 'BE', 'A', 'A3', '123', 0, '', NULL),
('12CE1046', 27, 0, 'SUMER', 'HAMID', 'SYED', 'TE', 'B', 'B3', '123', 0, '', NULL),
('12CE1047', 25, 0, 'PAWAR', 'ADITYA', '', 'TE', 'B', 'B2', '123', 0, '', NULL),
('12CE1048', 17, 0, 'PAWAR', 'PRIYANKA', 'VIJAY', 'BE', 'B', 'B1', '123', 0, '', NULL),
('12CE1049', 1, 0, 'NIKAM', 'OMKAR', 'SURESH', 'BE', 'B', 'B1', '123', 0, '', NULL),
('12CE1051', 13, 0, 'BHIRANGI', 'ROHAN', 'KETAN', 'BE', 'A', 'A1', '123', 0, '', NULL),
('12CE1052', 10, 0, 'PATIL', 'SNEHAL', 'RAGHUNATH', 'BE', 'B', 'B1', '123', 0, '', NULL),
('12CE1053', 23, 0, 'SALUNKHE', 'ARATI', 'ARUN', 'BE', 'B', 'B1', '123', 0, '', NULL),
('12CE1054', 5, 0, 'BANSODE', 'PRIYANKA', 'ASHOK', 'BE', 'A', 'A1', '123', 0, '', NULL),
('12CE1055', 9, 0, 'PATIL', 'KRUTIKA', 'VIJAY', 'BE', 'B', 'B3', '123', 0, '', NULL),
('12CE1056', 3, 0, 'MULLA', 'FATIMA', 'HANIF', 'BE', 'B', 'B3', '123', 0, '', NULL),
('12CE1057', 8, 0, 'MANDLOI', 'ROHAN', 'GAUTAM', 'BE', 'A', 'A3', '123', 0, '', NULL),
('12CE1058', 16, 0, 'TRIPATHI', 'SHREYAS', 'SRINIWAS', 'BE', 'B', 'B2', '123', 0, '', NULL),
('12CE1059', 24, 0, 'MHATRE', 'ARCHANA', 'GANESH', 'TE', 'B', 'B1', '123', 0, '', NULL),
('12CE1060', 12, 0, 'SONMALE', 'BHUSHAN', 'KRISHNAT', 'BE', 'B', 'B2', '123', 0, '', NULL),
('12CE1061', 29, 0, 'SHENOY', 'SOMESH', 'VASUDEVAN', 'BE', 'B', 'B1', '123', 0, '', NULL),
('12CE1062', 9, 0, 'GHATAGE', 'AKSHAY', 'SHEKHAR', 'BE', 'A', 'A2', '123', 0, '', NULL),
('12CE1063', 6, 0, 'PANDIRE', 'POONAM', 'SHRIRAM', 'BE', 'B', 'B1', '123', 0, '', NULL),
('12CE1064', 15, 0, 'JADHAV', 'YOGESH', 'BALASAHEB', 'BE', 'A', 'A2', '123', 0, '', NULL),
('12CE1065', 16, 0, 'CHADHA', 'GAGANDEEP', 'SINGH', 'BE', 'A', 'A1', '123', 0, '', NULL),
('12CE1066', 2, 0, 'NIKAM', 'VIRAJ', 'NAMDEO', 'BE', 'B', 'B1', '123', 0, '', NULL),
('12CE1067', 13, 0, 'MOHTA', 'PALLAVI', 'RAJESH', 'BE', 'A', 'A3', '123', 0, '', NULL),
('12CE1068', 3, 0, 'DAGADU', 'AKANKSHA', 'DEVANANAD', 'BE', 'A', 'A2', '123', 0, '', NULL),
('12CE1069', 28, 0, 'SHAIKH', 'SHAJIB', 'TAINUR', 'BE', 'B', 'B1', '123', 0, '', NULL),
('12CE1070', 11, 0, 'PATKAR', 'MIHIR', 'GOPALKRISHNA', 'BE', 'B', 'B1', '123', 0, '', NULL),
('12CE1072', 5, 0, 'PANDA', 'PREETI', 'DURGA', 'BE', 'B', 'B1', '123', 0, '', NULL),
('12CE1073', 13, 0, 'SHETH', 'ALOK', 'SANJEEV', 'BE', 'B', 'B3', '123', 0, '', NULL),
('12CE1074', 9, 0, 'SHETTI', 'ASHISH', 'JAGDISH', 'BE', 'B', 'B2', '123', 0, '', NULL),
('12CE1076', 11, 0, 'GUPTA', 'SAGAR', 'GAGAN', 'BE', 'A', 'A2', '123', 0, '', NULL),
('12CE1077', 6, 0, 'BARMAN', 'ABHISHEK', 'ATUL', 'BE', 'A', 'A1', '123', 0, '', NULL),
('12CE1079', 9, 0, 'PATIL', 'DEEPAK', 'GANESH', 'BE', 'B', 'B1', '123', 0, '', NULL),
('12CE1080', 12, 0, 'MAHALE', 'OM', 'BHAGWAN', 'BE', 'B', 'B1', '123', 0, '', NULL),
('12CE1081', 17, 0, 'PARDESHI', 'AKSHAY', 'SATISH', 'BE', 'B', 'B3', '123', 0, '', NULL),
('12CE1083', 12, 0, 'BHAT', 'KAMAKSHI', 'RAMESH', 'BE', 'A', 'A1', '123', 0, '', NULL),
('12CE1084', 7, 0, 'PANDEY', 'SACHIN', 'VIRENDRA', 'BE', 'B', 'B3', '123', 0, '', NULL),
('12CE1085', 7, 0, 'PATIL', 'AKSHAY', 'ANIL', 'BE', 'B', 'B1', '123', 0, '', NULL),
('12CE1086', 20, 0, 'ZADE', 'ABHIJEET', 'RAMESH', 'BE', 'B', 'B2', '123', 0, '', NULL),
('12CE1087', 10, 0, 'SINHA', 'PRAKRITI', 'BHARAT', 'BE', 'B', 'B2', '123', 0, '', NULL),
('12CE1088', 11, 0, 'BHAT', 'ACHINT', 'PRASHANT', 'BE', 'A', 'A1', '123', 0, '', NULL),
('12CE1089', 25, 0, 'SAVANE', 'PRANITA', 'RAJENDRA', 'TE', 'B', 'B1', '123', 0, '', NULL),
('12CE1091', 4, 0, 'PAGADE', 'PRATIK', 'SURESH', 'BE', 'B', 'B1', '123', 0, '', NULL),
('12CE1092', 5, 0, 'NAKHWA', 'PARAG', 'SUBHASH', 'BE', 'B', 'B3', '123', 0, '', NULL),
('12CE1093', 24, 0, 'SAMUEL', 'SAM', 'ZABDIEL', 'BE', 'B', 'B1', '123', 0, '', NULL),
('12CE1094', 27, 0, 'SAWANT', 'DARSHAN', 'SURYAKANT', 'BE', 'B', 'B1', '123', 0, '', NULL),
('12CE1096', 2, 0, 'MOTIWALE', 'ANURAAG', 'SUDHIR', 'BE', 'B', 'B3', '123', 0, '', NULL),
('12CE1097', 10, 0, 'BHAIJI', 'MOHAMMED', 'MURTUZA', 'BE', 'A', 'A1', '123', 0, '', NULL),
('12CE1098', 14, 0, 'SHETTY', 'SHRIMA', 'NARAYANA', 'BE', 'B', 'B3', '123', 0, '', NULL),
('12CE1099', 26, 0, 'SHETE', 'MAYUR', 'JALINDAR', 'BE', 'B', 'B1', '123', 0, '', NULL),
('12CE1100', 3, 0, 'NIMJE', 'PRASHANT', 'UDARAM', 'BE', 'B', 'B1', '123', 0, '', NULL),
('12CE1101', 11, 0, 'SONI', 'KAJAL', 'SANJAY', 'BE', 'B', 'B2', '123', 0, '', NULL),
('12CE1102', 16, 0, 'TRIVEDI', 'HARSH', 'ASHOK', 'BE', 'B', 'B3', '123', 0, '', NULL),
('12CE1103', 17, 0, 'SHETTY', 'PRANAV', 'PRABHAKAR', 'BE', 'A', 'A1', '123', 0, '', NULL),
('12CE2001', 4, 0, 'DAS', 'SIDDHANT', 'BARTTANU', 'BE', 'A', 'A2', '123', 0, '', NULL),
('12CE2002', 19, 0, 'RAJA', 'NIKETH', 'VENKAT', 'BE', 'B', 'B1', '123', 0, '', NULL),
('12CE2003', 7, 0, 'BENDALE', 'HARSHAL', 'RAJENDRA', 'BE', 'A', 'A1', '123', 0, '', NULL),
('12CE2004', 15, 0, 'BISHNOI', 'ABHISHEK', 'SHARAD', 'BE', 'A', 'A1', '123', 0, '', NULL),
('12CE2005', 6, 0, 'PAL', 'RATANDEEP', 'SHYAMAL', 'BE', 'B', 'B3', '123', 0, '', NULL),
('12CE2006', 22, 0, 'SALIAN', 'NEHA', 'VITTAL', 'BE', 'B', 'B1', '123', 0, '', NULL),
('12CE2008', 1, 0, 'KARNAM', 'GITANG', 'RAVISHEKHAR', 'BE', 'B', 'B3', '123', 0, '', NULL),
('12CE2009', 21, 0, 'SMRITHI', 'SANKAR', 'NARAYANAN', 'BE', 'B', 'B3', '123', 0, '', NULL),
('12CE2011', 5, 0, 'DASHORE', 'ANISHA', 'SURENDRA', 'BE', 'A', 'A2', '123', 0, '', NULL),
('12CE2012', 6, 0, 'KUMAR', 'SAURABH', 'RAMESH', 'BE', 'A', 'A3', '123', 0, '', NULL),
('12CE2013', 14, 0, 'BIRAJDAR', 'PRASHANT', 'RAJENDRA', 'BE', 'A', 'A1', '123', 0, '', NULL),
('12CE2014', 17, 0, 'TRIVEDI', 'SHUBHAM', 'SANMITRA', 'BE', 'B', 'B2', '123', 0, '', NULL),
('12CE2016', 24, 0, 'KUMARESHAN', 'KRITHIKA', '', 'TE', 'B', 'B2', '123', 0, '', NULL),
('12CE2017', 1, 0, 'CHAUDHARY', 'KETKI', 'AJAY', 'BE', 'A', 'A2', '123', 0, '', NULL),
('12CE2018', 8, 0, 'PARMAR', 'AKSHABEN', 'RASHIDABEN', 'BE', 'B', 'B3', '123', 0, '', NULL),
('12CE2019', 4, 0, 'BANERJEE', 'AMIT', 'PULAK', 'BE', 'A', 'A1', '123', 0, '', NULL),
('12CE2021', 15, 0, 'SINGH', 'SHUBHAM', 'UDAY', 'BE', 'B', 'B3', '123', 0, '', NULL),
('12CE2023', 10, 0, 'PATIL', 'SAI', 'TULSHIRAM', 'BE', 'B', 'B3', '123', 0, '', NULL),
('12CE2024', 20, 0, 'POL', 'SUDARSHAN', 'VISHNU', 'BE', 'B', 'B3', '123', 0, '', NULL),
('12CE2025', 19, 0, 'RAWAT', 'INDRESH', '', 'TE', 'A', 'A2', '123', 0, '', NULL),
('12CE6151', 18, 0, 'PATIL', 'NIKHIL', 'SHASHIKANT', 'BE', 'B', 'B3', '123', 0, '', NULL),
('13CE1001', 2, 6, 'CHAVAN', 'NEERAJ', 'WAMAN', 'TE', 'A', 'A2', '123', 0, '', NULL),
('13CE1002', 4, 6, 'AKSHAY', 'DAMODARAN', '', 'TE', 'A', 'A1', '123', 0, '', NULL),
('13CE1003', 10, 6, 'BARVE', 'AKASH', 'PRAKASH', 'TE', 'A', 'A1', '123', 0, '', NULL),
('13CE1004', 8, 6, 'BARI', 'VEDANT', 'HARESHWAR', 'TE', 'A', 'A1', '123', 0, '', NULL),
('13CE1005', 5, 6, 'CHIKHALEKAR', 'SNEHA', 'JANARDAN', 'TE', 'A', 'A2', '123', 0, '', NULL),
('13CE1006', 1, 6, 'PATIL', 'ANAGHA', 'ANIL', 'TE', 'B', 'B2', '123', 0, '', NULL),
('13CE1007', 16, 6, 'NAKHAWA', 'TANVI', 'JEETENDRA', 'TE', 'B', 'B1', '123', 0, '', NULL),
('13CE1008', 16, 6, 'KULKARNI', 'AMOL', 'VIVEK', 'TE', 'A', 'A3', '123', 0, '', NULL),
('13CE1009', 14, 6, 'CHANDWADKAR', 'SHREYA', 'C.', 'TE', 'A', 'A1', '123', 0, '', NULL),
('13CE1010', 15, 6, 'DHATRAK', 'BHAGYESH', 'SANJAY', 'TE', 'B', 'B3', '123', 0, '', NULL),
('13CE1011', 2, 6, 'ADATE', 'ASHWIN', 'AMARENDRA', 'TE', 'A', 'A1', '123', 0, '', NULL),
('13CE1012', 9, 6, 'MONDE', 'SHWETA', 'VIJAY', 'TE', 'B', 'B1', '123', 0, '', NULL),
('13CE1013', 7, 6, 'BAGDE', 'ABHISHEK', 'SHRIDHAR', 'TE', 'A', 'A1', '123', 0, '', NULL),
('13CE1014', 15, 6, 'KUDAV', 'POOJA', 'VINAYAK', 'TE', 'A', 'A3', '123', 0, '', NULL),
('13CE1015', 8, 6, 'KAVRE', 'PRIYA', 'SHIVAJI', 'TE', 'A', 'A3', '123', 0, '', NULL),
('13CE1016', 2, 6, 'PATIL', 'DEEPAK', 'PRADHAN', 'TE', 'B', 'B2', '123', 0, '', NULL),
('13CE1017', 4, 6, 'MANORE', 'SUYOG', 'SUBHASH', 'TE', 'B', 'B1', '123', 0, '', NULL),
('13CE1018', 2, 6, 'LANGDE', 'SARTHAK', 'SUBODH', 'TE', 'B', 'B1', '123', 0, '', NULL),
('13CE1020', 16, 6, 'INGALE', 'CHIRAG', 'NARENDRA', 'TE', 'A', 'A2', '123', 0, '', NULL),
('13CE1021', 15, 6, 'NAIR', 'SRIJIT', 'JAGADEESAN', 'TE', 'B', 'B1', '123', 0, '', NULL),
('13CE1022', 5, 6, 'BABAR', 'LALIT', 'CHANDRAKANT', 'TE', 'A', 'A1', '123', 0, '', NULL),
('13CE1023', 6, 6, 'KANADE', 'KAIVALYA', 'JAYANT', 'TE', 'A', 'A3', '123', 0, '', NULL),
('13CE1024', 14, 6, 'YADAV', 'RAHUL', 'DAYARAM', 'TE', 'B', 'B3', '123', 0, '', NULL),
('13CE1025', 19, 6, 'KULKARNI', 'SHRUTIKA', 'SHIRISH', 'TE', 'A', 'A3', '123', 0, '', NULL),
('13CE1026', 7, 6, 'TAMBE', 'ANIKET', 'AJIT', 'TE', 'B', 'B3', '123', 0, '', NULL),
('13CE1027', 9, 6, 'DHARGAWE', 'PRACHI', 'JAINDRA', 'TE', 'A', 'A2', '123', 0, '', NULL),
('13CE1028', 14, 6, 'GUNJAL', 'BHAVESH', 'BALASAHEB', 'TE', 'A', 'A2', '123', 0, '', NULL),
('13CE1029', 16, 6, 'SHAHI', 'SAMIKSHA', 'SURAJ', 'TE', 'B', 'B2', '123', 0, '', NULL),
('13CE1030', 24, 6, 'SARAG', 'SHALAKA', 'DILIP', 'TE', 'B', 'B3', '123', 0, '', NULL),
('13CE1031', 1, 6, 'ACHARYA', 'PRANAV', 'PALANI', 'TE', 'A', 'A1', '123', 0, '', NULL),
('13CE1033', 4, 6, 'JAGTAP', 'AISHWARYA', 'AJIT', 'TE', 'A', 'A3', '123', 0, '', NULL),
('13CE1034', 4, 6, 'SINGH', 'HARSHIT', 'RAMSWARTH', 'TE', 'B', 'B3', '123', 0, '', NULL),
('13CE1035', 18, 6, 'KULKARNI', 'SARVESH', 'NANDKUMAR', 'TE', 'A', 'A3', '123', 0, '', NULL),
('13CE1037', 12, 6, 'BHANGALE', 'ASHWINI', 'SANJAY', 'TE', 'A', 'A1', '123', 0, '', NULL),
('13CE1038', 7, 6, 'PATIL', 'SHUBHAM', 'VIVEK', 'TE', 'B', 'B2', '123', 0, '', NULL),
('13CE1039', 10, 6, 'PUJARE', 'MITALI', 'SANJAY', 'TE', 'B', 'B2', '123', 0, '', NULL),
('13CE1040', 5, 6, 'MANWAR', 'KARAN', 'TULSHIRAM', 'TE', 'B', 'B1', '123', 0, '', NULL),
('13CE1041', 25, 6, 'SARKAR', 'DEBANKUR', 'DEBASHISH', 'SE', 'A', 'A2', '123', 0, '', NULL),
('13CE1042', 10, 6, 'MORE', 'SUMEDH', 'SHAILESH', 'TE', 'B', 'B1', '123', 0, '', NULL),
('13CE1043', 11, 6, 'BHAMERE', 'GAURAV', 'PRATAP', 'TE', 'A', 'A1', '123', 0, '', NULL),
('13CE1045', 3, 6, 'PATIL', 'PRATHAMESH', 'LILADHAR', 'TE', 'B', 'B2', '123', 0, '', NULL),
('13CE1046', 6, 6, 'PATIL', 'SANDESH', 'VIJAY', 'TE', 'B', 'B2', '123', 0, '', NULL),
('13CE1047', 9, 6, 'PEDDYREDDY', 'NAVEEN', 'NARAYANA', 'TE', 'B', 'B2', '123', 0, '', NULL),
('13CE1048', 7, 6, 'MAURYA', 'AVINASH', 'ASHOK', 'TE', 'B', 'B1', '123', 0, '', NULL),
('13CE1050', 13, 6, 'CHANDORKAR', 'AKANKSHA', 'VILAS', 'TE', 'A', 'A1', '123', 0, '', NULL),
('13CE1051', 12, 6, 'RUPNOOR', 'SANSKRUTI', 'SHIVAJI', 'TE', 'B', 'B2', '123', 0, '', NULL),
('13CE1052', 8, 6, 'PAWAR', 'NIRANJAN', 'NAVANATH', 'TE', 'B', 'B2', '123', 0, '', NULL),
('13CE1053', 6, 6, 'BADHE', 'SIDDHESH', 'POPAT', 'TE', 'A', 'A1', '123', 0, '', NULL),
('13CE1054', 9, 6, 'KHACHANE', 'NIKHIL', 'UMAKANT', 'TE', 'A', 'A3', '123', 0, '', NULL),
('13CE1055', 3, 6, 'LEKHADE', 'NIHAR', 'RAMESH', 'TE', 'B', 'B1', '123', 0, '', NULL),
('13CE1056', 10, 6, 'TIWARI', 'AKSHAY', 'DINESH', 'TE', 'B', 'B3', '123', 0, '', NULL),
('13CE1057', 10, 6, 'KHAIRNAR', 'HARSHAL', 'BAJIRAO', 'TE', 'A', 'A3', '123', 0, '', NULL),
('13CE1058', 5, 6, 'KALKE', 'SNEHAL', 'SATISH', 'TE', 'A', 'A3', '123', 0, '', NULL),
('13CE1059', 2, 6, 'JADHAV', 'MAYURI', 'MANOJ', 'TE', 'A', 'A3', '123', 0, '', NULL),
('13CE1061', 17, 6, 'KULKARNI', 'RUTWEEZ', 'RAJESH', 'TE', 'A', 'A3', '123', 0, '', NULL),
('13CE1062', 12, 6, 'VISHWAKARMA', 'MANU', 'HARINATH', 'TE', 'B', 'B3', '123', 0, '', NULL),
('13CE1064', 27, 6, 'TELANGE', ' SHALAKA ', 'PANDURANG', 'TE', 'B', 'B2', '123', 0, '', NULL),
('13CE1066', 9, 6, 'BARVE', 'AAKASH', 'VIJAY', 'TE', 'A', 'A1', '123', 0, '', NULL),
('13CE1067', 12, 6, 'KORADE', 'MEGHA', 'NIVRUTTI', 'TE', 'A', 'A3', '123', 0, '', NULL),
('13CE1068', 11, 6, 'DHULAP', 'MANASI', 'MADHUKAR', 'TE', 'A', 'A2', '123', 0, '', NULL),
('13CE1070', 15, 6, 'HRISHIKESH', 'BALAKRISHNAN', 'SARITHA', 'TE', 'A', 'A1', '123', 0, '', NULL),
('13CE1071', 11, 6, 'RANE', 'SHARDUL', 'SURYAKANT', 'TE', 'B', 'B2', '123', 0, '', NULL),
('13CE1073', 13, 6, 'MUSUNURI', 'SOMESH', 'BHOTLU', 'TE', 'B', 'B1', '123', 0, '', NULL),
('13CE1074', 15, 6, 'SARGUROH', 'FATIMA', 'BILAL', 'TE', 'B', 'B2', '123', 0, '', NULL),
('13CE1075', 28, 6, 'RAJPUT', 'DHARMENDRASINGH', '', 'TE', 'B', 'B1', '123', 0, '', NULL),
('13CE1077', 23, 6, 'CHANDA', 'PAWAN', '', 'TE', 'A', 'A1', '123', 0, '', NULL),
('13CE1078', 4, 6, 'PATIL', 'PRITHVIRAJ', 'RAJENDRA', 'TE', 'B', 'B2', '123', 0, '', NULL),
('13CE1079', 3, 6, 'CHAVAN', 'VINAY', 'SANJAY', 'TE', 'A', 'A2', '123', 0, '', NULL),
('13CE1080', 13, 6, 'KORANDLA', 'SURAJ', 'CHAKRADHAR', 'TE', 'A', 'A3', '123', 0, '', NULL),
('13CE1081', 14, 6, 'SARAK', 'TRUPTI', 'VASANT', 'TE', 'B', 'B2', '123', 0, '', NULL),
('13CE1082', 12, 6, 'DUPARE', 'SHUBHAM', 'VIJAY', 'TE', 'A', 'A2', '123', 0, '', NULL),
('13CE1083', 18, 6, 'DEEVA', 'MITHIL', 'SATYAVEER', 'TE', 'A', 'A2', '123', 0, '', NULL),
('13CE1084', 4, 6, 'CHIDE', 'ASHISH', 'BHAURAO', 'TE', 'A', 'A2', '123', 0, '', NULL),
('13CE1085', 8, 6, 'TELI', 'SAGAR', 'SANJAY', 'TE', 'B', 'B3', '123', 0, '', NULL),
('13CE1086', 11, 6, 'VERMA', 'YOGITA', 'OMPRAKASH', 'TE', 'B', 'B3', '123', 0, '', NULL),
('13CE1087', 13, 6, 'SAHU', 'SURAJ', 'KRUSHNACHANDRA', 'TE', 'B', 'B2', '123', 0, '', NULL),
('13CE1088', 15, 6, 'HOLANI', 'PRIYA', 'MANOJ', 'TE', 'A', 'A2', '123', 0, '', NULL),
('13CE1089', 26, 6, 'AMIN', 'CHAITANYA', 'SACHIN', 'TE', 'A', 'A1', '123', 0, '', NULL),
('13CE1090', 6, 6, 'DEOSTHALI', 'CHINMAY', 'ARUN', 'TE', 'A', 'A2', '123', 0, '', NULL),
('13CE1091', 3, 6, 'SHARMA', 'NIRANJAN', 'KUMAR', 'TE', 'B', 'B3', '123', 0, '', NULL),
('13CE1093', 1, 6, 'CHAUDHARI', 'NIVEDITA', 'JITENDRA', 'TE', 'A', 'A2', '123', 0, '', NULL),
('13CE1094', 13, 6, 'VRATESH', 'MANDEEP', 'RAMASHANKAR', 'TE', 'B', 'B3', '123', 0, '', NULL),
('13CE1095', 7, 6, 'DESAI', 'GUNJAN', 'RAJESH', 'TE', 'A', 'A2', '123', 0, '', NULL),
('13CE1096', 23, 6, 'TARI', 'TEJAL', 'ARUN', 'TE', 'B', 'B1', '123', 0, '', NULL),
('13CE1097', 5, 6, 'ANUSUYA', 'SMRITHI', 'RAJARAJAN', 'TE', 'B', 'B3', '123', 0, '', NULL),
('13CE1098', 14, 6, 'KOTIAN', 'AKSHAY', 'RAVINDRA', 'TE', 'A', 'A3', '123', 0, '', NULL),
('13CE1099', 17, 6, 'NILAJAGI', 'ABHISHEK', 'BASAVARAJ', 'TE', 'B', 'B1', '123', 0, '', NULL),
('13CE1100', 12, 6, 'MUNDHE', 'PRATHMESH', 'BHARAT', 'TE', 'B', 'B1', '123', 0, '', NULL),
('13CE1101', 14, 6, 'NAIDU', 'THARUN', 'CHANDRASHEKAR', 'TE', 'B', 'B1', '123', 0, '', NULL),
('13CE1102', 7, 6, 'KANEKAR', 'BHAVIK', 'RAMCHANDRA', 'TE', 'A', 'A3', '123', 0, '', NULL),
('13CE1104', 16, 6, 'KAW', 'SAGAR', 'BHUSHAN', 'TE', 'A', 'A1', '123', 0, '', NULL),
('13CE2001', 17, 6, 'IYENGAR', 'SRIVIDYA', 'ARAVAMUDHAN', 'TE', 'A', 'A2', '123', 0, '', NULL),
('13CE2002', 11, 6, 'MUGUTRAO', 'HARSHALI', 'MAHESH', 'TE', 'B', 'B1', '123', 0, '', NULL),
('13CE2003', 1, 6, 'LAD', 'RUTA', 'CHANDRAHAS', 'TE', 'B', 'B1', '123', 0, '', NULL),
('13CE2005', 5, 6, 'PATIL', 'ROHIT', 'YESHWANT', 'TE', 'B', 'B2', '123', 0, '', NULL),
('13CE2006', 26, 6, 'YESHWINI', 'RAVI', 'KUMAR', 'TE', 'B', 'B1', '123', 0, '', NULL),
('13CE2007', 18, 6, 'PANDEY', 'DIVISHA', 'DEVESH', 'TE', 'B', 'B1', '123', 0, '', NULL),
('13CE2008', 9, 6, 'THAKARE', 'AKSHAY', 'NANDKUMAR', 'TE', 'B', 'B3', '123', 0, '', NULL),
('13CE2009', 2, 6, 'SHARDA', 'BHAVTI', 'ASHWIN', 'TE', 'B', 'B3', '123', 0, '', NULL),
('13CE2010', 3, 6, 'AJAGEKAR', 'DHANASHREE', 'DHANANJAY', 'TE', 'A', 'A1', '123', 0, '', NULL),
('13CE2012', 6, 6, 'MARATHE', 'SUMUKH', 'VINAY', 'TE', 'B', 'B1', '123', 0, '', NULL),
('13CE2013', 16, 6, 'INGOLE', 'YASH', 'SUDHIR', 'SE', 'A', 'A2', '123', 0, '', NULL),
('13CE2014', 11, 6, 'KHAN', 'TANVEER', 'SERAJULHAQUE', 'TE', 'A', 'A3', '123', 0, '', NULL),
('13CE2015', 6, 6, 'SOLANKI', 'DEVENDRA', 'YESHWANT', 'TE', 'B', 'B3', '123', 0, '', NULL),
('13CE2016', 15, 6, 'JOSHI', 'OMKAR', 'VIJAY', 'SE', 'A', 'A2', '123', 0, '', NULL),
('13CE2017', 27, 6, 'SHETTY', 'KARAN', 'SUNIL', 'TE', 'B', 'B1', '123', 0, '', NULL),
('13CE2018', 8, 6, 'DESAI', 'ISHAN', 'VIKRAMSINGH', 'TE', 'A', 'A2', '123', 0, '', NULL),
('13CE2019', 3, 6, 'JADHAV', 'PRIYANKA', 'SANJAY', 'TE', 'A', 'A3', '123', 0, '', NULL),
('13CE2021', 8, 6, 'MHATRE', 'AMEYA', 'SANDEEP', 'TE', 'B', 'B1', '123', 0, '', NULL),
('13CE2022', 13, 6, 'GAUR', 'DEVIYANI', 'SARVESH', 'TE', 'A', 'A2', '123', 0, '', NULL),
('13CE2024', 1, 6, 'JADHAV', 'KUNAL', 'DATTATRAY', 'TE', 'A', 'A3', '123', 0, '', NULL),
('13CE2025', 1, 6, 'BADALA', 'AYUSH', 'RAJESH', 'TE', 'B', 'B3', '123', 0, '', NULL),
('13CE2027', 19, 6, 'PINGALE', 'PRAJAKTA', 'ASHOK', 'TE', 'B', 'B1', '123', 0, '', NULL),
('13CE3001', 19, 6, 'PATEL', 'SUSHMADEVI', 'BHARAT', 'TE', 'B', 'B3', '123', 0, '', NULL),
('13CE3002', 21, 6, 'DHAWAN', 'MANALI', 'G.', 'TE', 'B', 'B2', '123', 0, '', NULL),
('13CE3003', 16, 6, 'QUADROS', 'DAISY', 'VINSCENT', 'TE', 'B', 'B3', '123', 0, '', NULL),
('13CE3004', 18, 6, 'PATIL', 'VIDYULLATA', 'PRADIP', 'TE', 'B', 'B3', '123', 0, '', NULL),
('13CE3005', 22, 6, 'GOUDA', 'AAKASH', 'BISWANATH', 'TE', 'B', 'B2', '123', 0, '', NULL),
('13CE3006', 20, 6, 'CHAKRABARTY', 'ANJALEE', 'S.', 'TE', 'B', 'B1', '123', 0, '', NULL),
('13CE3007', 21, 6, 'BRAHMACHARY', 'ABHSHEK', 'RANJEET', 'TE', 'B', 'B1', '123', 0, '', NULL),
('13CE3008', 17, 6, 'PAWALE', 'MANASI', 'SHIVAJI', 'TE', 'B', 'B3', '123', 0, '', NULL),
('13CE3009', 20, 6, 'SAIPRAKASH', 'NITIN', 'BUTEE', 'TE', 'A', 'A2', '123', 0, '', NULL),
('13CE3010', 20, 6, 'NAG', 'ARPITA', 'APURVA', 'TE', 'B', 'B2', '123', 0, '', NULL),
('13CE3011', 19, 6, 'SINHA', 'ANURAG', 'SANJAY', 'TE', 'B', 'B2', '123', 0, '', NULL),
('13CE3012', 18, 6, 'JAISWAL', 'GAURAV', 'SUSHIL', 'TE', 'B', 'B2', '123', 0, '', NULL),
('13CE5001', 13, 6, 'SHINDE', 'DAMINI', 'DILIP', 'BE', 'B', 'B1', '123', 0, '', NULL),
('13CE5002', 2, 6, 'MADANE', 'SNEHA', 'DURYODHAN', 'BE', 'B', 'B2', '123', 0, '', NULL),
('13CE5003', 18, 6, 'TALPADE', 'BHAGYASHREE', 'S.', 'BE', 'A', 'A3', '123', 0, '', NULL),
('13CE5004', 26, 6, 'LOKARE', 'NITISHA', 'MAHADEV', 'BE', 'B', 'B2', '123', 0, '', NULL),
('13CE5005', 30, 6, 'UGALE', 'PRANALI', 'BABAN', 'BE', 'B', 'B1', '123', 0, '', NULL),
('13CE5006', 16, 6, 'PITALE', 'ANIKET', 'ANIL', 'BE', 'B', 'B1', '123', 0, '', NULL),
('13CE5007', 3, 6, 'YADAV', 'SAYALI', 'ASHOK', 'BE', 'B', 'B2', '123', 0, '', NULL),
('13CE5008', 8, 6, 'SHEDAGE', 'ROHINI', 'SHIVAJI', 'BE', 'B', 'B2', '123', 0, '', NULL),
('13CE5009', 21, 6, 'PATIL', 'SAINATH', 'VISHWANATH', 'BE', 'B', 'B2', '123', 0, '', NULL),
('13CE5010', 22, 6, 'KADAM', 'NILESH', 'DINKAR', 'BE', 'B', 'B2', '123', 0, '', NULL),
('13CE5011', 26, 6, 'GIRI', 'VIRENDRA', '', 'TE', 'B', 'B2', '123', 0, '', NULL),
('13CE5012', 13, 6, 'GAWADE', 'ROHAN', '', 'BE', 'B', 'B2', '123', 0, '', NULL),
('13CE5013', 24, 6, 'KALE', 'POOJA', 'SHANKAR', 'BE', 'B', 'B2', '123', 0, '', NULL),
('13CE5014', 15, 6, 'PATIL', 'SWAPNATEJ', 'VIJAY', 'BE', 'B', 'B1', '123', 0, '', NULL),
('13CE5015', 7, 6, 'RANE', 'MANALI', 'DNYANDEV', 'BE', 'B', 'B2', '123', 0, '', NULL),
('13CE5016', 27, 6, 'KARBHARI', 'PRANALI', 'HARICHANDRA', 'BE', 'B', 'B2', '123', 0, '', NULL),
('13CE5017', 23, 6, 'KOLI', 'MONICA', 'MAHENDRA', 'BE', 'B', 'B2', '123', 0, '', NULL),
('13CE5019', 4, 6, 'JOSHI', 'MAHESH', 'MAKARAND', 'BE', 'B', 'B2', '123', 0, '', NULL),
('13CE5020', 5, 6, 'SURYAWANSHI', 'APURVA', 'JAGDISH', 'BE', 'B', 'B2', '123', 0, '', NULL),
('13CE5021', 6, 6, 'WALUNJ', 'MEGHA', 'SAKHARAM', 'BE', 'B', 'B2', '123', 0, '', NULL),
('13CE5022', 25, 6, 'SHELAR', 'ANKITA', 'JANARDAN', 'BE', 'B', 'B2', '123', 0, '', NULL),
('13CE5024', 14, 6, 'KADAM', 'KUNAL', 'PRAKASH', 'BE', 'B', 'B1', '123', 0, '', NULL),
('13CE7001', 3, 6, 'AMRITKAR', 'GAURAV', 'RAVINDRA', 'TE', 'C', 'C1', '123', 0, '', NULL),
('13CE7002', 14, 6, 'MOHILE', 'RAJAT', 'SIDDHARTH', 'TE', 'C', 'C2', '123', 0, '', NULL),
('13CE7003', 4, 6, 'ANVEKAR', 'AKSHAY', 'KUMAR', 'TE', 'C', 'C1', '123', 0, '', NULL),
('13CE7004', 21, 6, 'BHAUSKAR', 'ANIKET', 'MAHESH', 'TE', 'C', 'C1', '123', 0, '', NULL),
('13CE7005', 7, 6, 'SHETTY', 'KRUTIKA', 'SEETARAM', 'TE', 'C', 'C3', '123', 0, '', NULL),
('13CE7006', 4, 6, 'RAO', 'ADITI', 'DINESH', 'TE', 'C', 'C3', '123', 0, '', NULL),
('13CE7007', 9, 6, 'INJE', 'SAMEER', 'SHARAD', 'TE', 'C', 'C1', '123', 0, '', NULL),
('13CE7008', 13, 6, 'TILAK', 'VAIBHAVI', 'SANJAY', 'TE', 'C', 'C3', '123', 0, '', NULL),
('13CE7009', 15, 6, 'WAINGANKAR', 'CHINMAYEE', 'VIJAY', 'TE', 'C', 'C3', '123', 0, '', NULL),
('13CE7010', 13, 6, 'MHATRE', 'UDIT', 'RAMESH', 'TE', 'C', 'C2', '123', 0, '', NULL),
('13CE7011', 2, 6, 'AMBRE', 'JUI', 'SATISH', 'TE', 'C', 'C1', '123', 0, '', NULL),
('13CE7012', 12, 6, 'MHATRE', 'APURV', 'ABHAY', 'TE', 'C', 'C2', '123', 0, '', NULL),
('13CE7013', 10, 6, 'JAIN', 'TWINKLE', 'RAKESH', 'TE', 'C', 'C1', '123', 0, '', NULL),
('13CE7014', 5, 6, 'KRISHNA', 'SUBRAMANIAN', 'SUJATHA', 'TE', 'C', 'C2', '123', 0, '', NULL),
('13CE7015', 8, 6, 'SHINDE', 'ADIT', 'DINESH', 'TE', 'C', 'C3', '123', 0, '', NULL),
('13CE7016', 15, 6, 'PALANKI', 'PRAHARSH', 'SATYANARAYANA', 'TE', 'C', 'C2', '123', 0, '', NULL),
('13CE7017', 6, 6, 'KUNWAR', 'SWAR', 'PRAKASH', 'TE', 'C', 'C2', '123', 0, '', NULL),
('13CE7018', 23, 6, 'DORAGE', 'PRANESH ', 'DHANAJI', 'TE', 'C', 'C1', '123', 0, '', NULL),
('13CE7019', 10, 6, 'MALI', 'NIKITA', 'DATTARAM', 'TE', 'C', 'C2', '123', 0, '', NULL),
('13CE7020', 14, 6, 'WAGHMARE', 'POONAM', 'KUNDLIK', 'TE', 'C', 'C3', '123', 0, '', NULL),
('13CE7021', 11, 6, 'PAWAR', 'AKSHAY', 'CHANDRAKANT', 'SE', 'C', 'C1', '123', 0, '', NULL),
('13CE7022', 2, 6, 'POTDAR', 'MEGHANA', 'SANJAY', 'TE', 'C', 'C3', '123', 0, '', NULL),
('13CE7023', 9, 6, 'MALHOTRA', 'ABHINAV', 'RAVINDRA', 'TE', 'C', 'C2', '123', 0, '', NULL),
('13CE7024', 7, 6, 'MAHAJAN', 'SAMEEKSHA', 'SANJAY', 'TE', 'C', 'C2', '123', 0, '', NULL),
('13CE7025', 22, 6, 'BHONGALE', 'SHWETA', 'SANJAY', 'TE', 'C', 'C1', '123', 0, '', NULL),
('13CE7027', 10, 6, 'SINHA', 'ANKIT', 'AASIS', 'TE', 'C', 'C3', '123', 0, '', NULL),
('13CE7029', 1, 6, 'AMBERKAR', 'PRANAV', 'PRAKASH', 'TE', 'C', 'C1', '123', 0, '', NULL),
('13CE7030', 2, 6, 'KAMBLE', 'OJAS', 'ASHOK', 'TE', 'C', 'C2', '123', 0, '', NULL),
('13CE7031', 12, 6, 'SREERANGAM', 'VENKAT', 'VAMSIKRISHNA', 'TE', 'C', 'C3', '123', 0, '', NULL),
('13CE7033', 1, 6, 'PATIL', 'ISHITA', 'JAIDEEP', 'TE', 'C', 'C3', '123', 0, '', NULL),
('13CE7038', 1, 6, 'KADAM', 'AVNISH', 'UNMESH', 'TE', 'C', 'C2', '123', 0, '', NULL),
('13CE7039', 16, 6, 'PANDEY', 'CHETAN', 'ARUN', 'TE', 'C', 'C2', '123', 0, '', NULL),
('13CE7041', 8, 6, 'GUPTA', 'SACHIN', 'SURENDRAPRASAD', 'TE', 'C', 'C1', '123', 0, '', NULL),
('13CE7042', 16, 6, 'DUBEY', 'RATNESH', 'BALGOVIND', 'TE', 'C', 'C3', '123', 0, '', NULL),
('13CE7043', 3, 6, 'KOKARE', 'MANGESH', 'SUNIL', 'TE', 'C', 'C2', '123', 0, '', NULL),
('13CE7044', 24, 6, 'TAYDE', 'DEVENDRA', 'VISHWANATH', 'TE', 'C', 'C3', '123', 0, '', NULL),
('13CE7046', 3, 6, 'PURANIK', 'RUTUJ', 'RAVINDRA', 'TE', 'C', 'C3', '123', 0, '', NULL),
('13CE7048', 5, 6, 'SETH', 'SUSHANT', 'SANJEEV', 'TE', 'C', 'C3', '123', 0, '', NULL),
('13CE8001', 6, 6, 'SHARMA', 'MRITYUNJAY', 'MANOJ', 'TE', 'C', 'C3', '123', 0, '', NULL),
('13CE8002', 6, 6, 'BHAVSAR', 'DIVYA', 'CHETANKUMAR', 'TE', 'C', 'C1', '123', 0, '', NULL),
('13CE8003', 11, 6, 'SINHA', 'AVI', 'RAJIV', 'TE', 'C', 'C3', '123', 0, '', NULL),
('13CE8004', 19, 6, 'PHADATARE', 'ANIKET', 'PRADEEP', 'TE', 'C', 'C1', '123', 0, '', NULL),
('13CE8005', 7, 6, 'DAS', 'SAPTARSHI', 'SUKUMAR', 'TE', 'C', 'C1', '123', 0, '', NULL),
('13CE8006', 5, 6, 'BABU', 'KARUNANIDHI', 'VIMALA', 'TE', 'C', 'C1', '123', 0, '', NULL),
('13CE8007', 9, 6, 'SINGH', 'AKASH', 'KUMAR', 'TE', 'C', 'C3', '123', 0, '', NULL),
('13CE8008', 11, 6, 'MEDURU', 'MANOGNA', '', 'TE', 'C', 'C2', '123', 0, '', NULL),
('13CE8010', 4, 6, 'KONDLEKAR', 'SANJANA', 'SANJAY', 'TE', 'C', 'C2', '123', 0, '', NULL),
('13CE8011', 8, 6, 'MAHIMKAR', 'ANTARA', 'RAJAN', 'TE', 'C', 'C2', '123', 0, '', NULL),
('13CE8012', 20, 6, 'YAZDEGARDI', 'MERON', 'KHODADAD', 'TE', 'C', 'C1', '123', 0, '', NULL),
('13CE8013', 19, 6, 'MOHITE', 'SHUBHAM', 'BABAN', 'SE', 'C', 'C2', '123', 0, '', NULL),
('13CE8014', 26, 6, 'RAUT', 'NIKHIL', 'M', 'SE', 'C', 'C1', '123', 0, '', NULL),
('13CE8015', 24, 6, 'TAYDE', 'RUPESH', 'BHAGWAN', 'TE', 'C', 'C2', '123', 0, '', NULL),
('14CE1001', 3, 0, 'GINWAL', 'KOMAL', 'LOKESH', 'SE', 'A', 'A2', '123', 0, '', NULL),
('14CE1002', 18, 0, 'KAVHAR', 'GAURAV', 'SURESH', 'SE', 'A', 'A1', '123', 0, '', NULL),
('14CE1003', 26, 0, 'GUPTA', 'HIMANI', 'VISHAL', 'SE', 'A', 'A2', '123', 0, '', NULL),
('14CE1004', 19, 0, 'GAIKWAD', 'ROHAN', 'SUDHAKAR', 'SE', 'B', 'B3', '123', 0, '', NULL),
('14CE1005', 20, 0, 'KOLAPKAR', 'MADHURA', 'SUSHIL', 'SE', 'A', 'A2', '123', 0, '', NULL),
('14CE1006', 3, 0, 'MANJULE', 'JAGRUTI', 'CHANDRAKANT', 'SE', 'B', 'B1', '123', 0, '', NULL),
('14CE1007', 7, 0, 'CHORAMLE', 'MANASI', 'BHARAT', 'SE', 'A', 'A1', '123', 0, '', NULL),
('14CE1008', 11, 0, 'NAIK', 'POOJA', 'PRAKASH', 'SE', 'B', 'B1', '123', 0, '', NULL),
('14CE1009', 19, 0, 'KANASE', 'KALYANI', 'RAMESH', 'SE', 'A', 'A2', '123', 0, '', NULL),
('14CE1011', 21, 0, 'KORANNE', 'VAISHNAVI', 'VASANT', 'SE', 'A', 'A2', '123', 0, '', NULL),
('14CE1012', 9, 0, 'PRAVEEN', 'GAURAV', 'RAMCHANDRA', 'SE', 'B', 'B2', '123', 0, '', NULL),
('14CE1013', 2, 0, 'PATIL', 'NILESH', 'RAGHUNATH', 'SE', 'B', 'B2', '123', 0, '', NULL),
('14CE1014', 15, 0, 'KALE', 'VINIT', 'AMOL', 'SE', 'A', 'A1', '123', 0, '', NULL),
('14CE1015', 15, 0, 'OVHAL', 'POOJA', 'GAUTAM', 'SE', 'B', 'B1', '123', 0, '', NULL),
('14CE1016', 9, 0, 'TANDEL', 'AISHWARYA', 'VIKAS', 'SE', 'B', 'B3', '123', 0, '', NULL),
('14CE1017', 21, 0, 'LOKAPUR', 'PAWAN', 'GURURAJ', 'SE', 'A', 'A1', '123', 0, '', NULL),
('14CE1018', 24, 0, 'LONDHE', 'AAKANKSHA', 'ATUL', 'SE', 'A', 'A2', '123', 0, '', NULL),
('14CE1019', 13, 0, 'VIRKAR', 'HARSHIT', 'ROHIDAS', 'SE', 'B', 'B3', '123', 0, '', NULL),
('14CE1020', 2, 0, 'MAJI', 'SUVARNA', 'SHYAMAL', 'SE', 'B', 'B1', '123', 0, '', NULL),
('14CE1021', 9, 0, 'JADHAV', 'MRUGANK', 'CHANDRAKANT', 'SE', 'A', 'A2', '123', 0, '', NULL),
('14CE1022', 10, 0, 'JASWAL', 'AAKASH', 'DEVENDER', 'SE', 'A', 'A2', '123', 0, '', NULL),
('14CE1023', 12, 0, 'JOSHI', 'PRIYANKA', 'ATUL', 'SE', 'A', 'A2', '123', 0, '', NULL),
('14CE1025', 6, 0, 'MHATRE', 'ANKIT', 'VILAS', 'SE', 'B', 'B1', '123', 0, '', NULL),
('14CE1026', 1, 0, 'AHIRE', 'PRAJYOT', 'CHANDRAKANT', 'SE', 'A', 'A1', '123', 0, '', NULL),
('14CE1027', 20, 0, 'PATIL', 'JYOTI', 'RAKESH', 'SE', 'B', 'B1', '123', 0, '', NULL),
('14CE1028', 8, 0, 'SONAWANE', 'TANMAY', 'SANJAY', 'SE', 'B', 'B3', '123', 0, '', NULL),
('14CE1029', 10, 0, 'NAIK', 'DEVESH', 'KAVISH', 'SE', 'B', 'B1', '123', 0, '', NULL),
('14CE1030', 19, 0, 'PATIL', 'BHUSHAN', 'RATANSING', 'SE', 'B', 'B1', '123', 0, '', NULL),
('14CE1031', 13, 0, 'NEMADE', 'KHUSHABOO', 'ULHAS', 'SE', 'B', 'B1', '123', 0, '', NULL),
('14CE1032', 5, 0, 'PATIL', 'TRISHNA', 'ASHUTOSH', 'SE', 'B', 'B2', '123', 0, '', NULL),
('14CE1033', 7, 0, 'PAWAR', 'PRIYANKA', 'DEOMAN', 'SE', 'B', 'B2', '123', 0, '', NULL),
('14CE1034', 15, 0, 'SABLE', 'SHEETAL', 'JAGANNATH', 'SE', 'B', 'B2', '123', 0, '', NULL),
('14CE1036', 3, 0, 'SAVALIYA', 'ABHI', 'ROHIT', 'SE', 'B', 'B3', '123', 0, '', NULL),
('14CE1037', 9, 0, 'NAGE', 'RUSHIKESH', 'DURGADAS', 'SE', 'B', 'B1', '123', 0, '', NULL),
('14CE1038', 17, 0, 'YADAV', 'MANISH', 'HARISHCHANDRA', 'SE', 'B', 'B3', '123', 0, '', NULL),
('14CE1039', 22, 0, 'BANGERA', 'AISHWARYA', 'PRAKASH', 'SE', 'B', 'B2', '123', 0, '', NULL),
('14CE1040', 14, 0, 'WALAWALKAR', 'AISHWARYA', 'RAJAN', 'SE', 'B', 'B3', '123', 0, '', NULL),
('14CE1041', 6, 0, 'PATKI', 'MEGHANA', 'MURALIDHAR', 'SE', 'B', 'B2', '123', 0, '', NULL),
('14CE1043', 18, 0, 'SINHA', 'SMRITI', 'SHASHI', 'SE', 'B', 'B2', '123', 0, '', NULL),
('14CE1044', 12, 0, 'NAYAK', 'KUNAL', 'PRAFULLA', 'SE', 'B', 'B1', '123', 0, '', NULL),
('14CE1045', 16, 0, 'KARAN', 'AKASH', 'SUBHASH', 'SE', 'A', 'A1', '123', 0, '', NULL),
('14CE1047', 11, 0, 'JAWALE', 'KAPIL', 'PRAKASH', 'SE', 'A', 'A2', '123', 0, '', NULL),
('14CE1048', 16, 0, 'SAHA', 'ABHISHEK', 'LALMOHAN', 'SE', 'B', 'B2', '123', 0, '', NULL),
('14CE1050', 17, 0, 'PANSARE', 'SIDDESH', 'DILIP', 'SE', 'B', 'B1', '123', 0, '', NULL),
('14CE1051', 18, 0, 'YADAV', 'PRABHAKAR', 'OMPRAKASH', 'SE', 'B', 'B3', '123', 0, '', NULL),
('14CE1052', 11, 0, 'DHINGRA', 'SHREY', 'RAJNISH', 'SE', 'A', 'A1', '123', 0, '', NULL),
('14CE1053', 9, 0, 'DESALE', 'HARSHAL', 'UMESH', 'SE', 'A', 'A1', '123', 0, '', NULL),
('14CE1054', 11, 0, 'RAJANI', 'SANA', 'AMIN', 'SE', 'B', 'B2', '123', 0, '', NULL),
('14CE1055', 3, 0, 'PATIL', 'POOJA', 'DILIP', 'SE', 'B', 'B2', '123', 0, '', NULL),
('14CE1057', 12, 0, 'VARADE', 'RUCHA', 'PRALHAD', 'SE', 'B', 'B3', '123', 0, '', NULL),
('14CE1058', 7, 0, 'GURJAR', 'ANJANEYA', 'YUWARAJ', 'SE', 'A', 'A2', '123', 0, '', NULL),
('14CE1060', 23, 0, 'KUNDU', 'ANKITA', 'NAREN', 'SE', 'A', 'A2', '123', 0, '', NULL),
('14CE1062', 20, 0, 'CHAUDHARI', 'TEJAS', 'RAJENDRA', 'SE', 'B', 'B2', '123', 0, '', NULL),
('14CE1063', 14, 0, 'NETALKAR', 'ROHAN', 'KISHOR', 'SE', 'B', 'B1', '123', 0, '', NULL),
('14CE1065', 10, 0, 'TIPNIS', 'ISHAN', 'AJIT', 'SE', 'B', 'B3', '123', 0, '', NULL),
('14CE1068', 20, 0, 'KUMBHAR', 'KIRAN', 'PRAKASH', 'SE', 'A', 'A1', '123', 0, '', NULL),
('14CE1069', 1, 0, 'PARMAR', 'SANAT', 'AJAY', 'SE', 'B', 'B2', '123', 0, '', NULL),
('14CE1072', 16, 0, 'WANAVE', 'VARSHATAI', 'MADHUKAR', 'SE', 'B', 'B3', '123', 0, '', NULL),
('14CE1073', 4, 0, 'PATIL', 'SAYLEE', 'RAJARAM', 'SE', 'B', 'B2', '123', 0, '', NULL),
('14CE1074', 24, 0, 'GADGE', 'ADITYA', 'RAJENDERA', 'SE', 'A', 'A1', '123', 0, '', NULL),
('14CE1075', 5, 0, 'MAURYA', 'PRINCE', 'KUMAR', 'SE', 'B', 'B1', '123', 0, '', NULL),
('14CE1076', 25, 6, 'JAYBHAYE', 'AMOL', 'AJINATH', 'TE', 'A', 'A1', '123', 0, '', NULL),
('14CE1077', 1, 0, 'DIVEKAR', 'SHUBHAM', 'JAYANT', 'SE', 'A', 'A2', '123', 0, '', NULL),
('14CE1078', 8, 0, 'DEOGHARE', 'AKSHAY', 'BALU', 'SE', 'A', 'A1', '123', 0, '', NULL),
('14CE1079', 7, 0, 'SINALKAR', 'NILESH', 'MINANATH', 'SE', 'B', 'B3', '123', 0, '', NULL),
('14CE1080', 4, 0, 'GUJRAL', 'AJIT', 'SINGH', 'SE', 'A', 'A2', '123', 0, '', NULL),
('14CE1081', 7, 0, 'MISHRA', 'SHUCHITA', 'SAMIP', 'SE', 'B', 'B1', '123', 0, '', NULL),
('14CE1082', 6, 0, 'SIDDHANT', 'SUBHASH', 'GITE', 'SE', 'B', 'B3', '123', 0, '', NULL),
('14CE1083', 14, 0, 'KOVVALPURAIL', 'RAMIT', 'MURALIDHARAN', 'SE', 'A', 'A1', '123', 0, '', NULL),
('14CE1085', 22, 0, 'KULKARNI', 'NIKHIL', 'PRAVIN', 'SE', 'A', 'A2', '123', 0, '', NULL),
('14CE1086', 22, 0, 'MADYE', 'SANZIL', 'SATISH', 'SE', 'A', 'A1', '123', 0, '', NULL),
('14CE1087', 11, 0, 'UKEY', 'SAURABH', 'ANILKUMAR', 'SE', 'B', 'B3', '123', 0, '', NULL),
('14CE1089', 19, 0, 'KHAIRE', 'AMIT', 'PREMNATH', 'SE', 'A', 'A1', '123', 0, '', NULL),
('14CE1090', 17, 0, 'KAUL', 'SIDHARTH', 'SATISH', 'SE', 'A', 'A1', '123', 0, '', NULL),
('14CE1091', 5, 0, 'SHETTY', 'APEKSHA', 'UDAYKUMAR', 'SE', 'B', 'B3', '123', 0, '', NULL),
('14CE1092', 23, 0, 'CHIRAYATH', 'NIHAL', 'MANOJ', 'SE', 'A', 'A1', '123', 0, '', NULL),
('14CE1093', 15, 0, 'WALDE', 'AMANKIRTI', 'KAVIND', 'SE', 'B', 'B3', '123', 0, '', NULL),
('14CE1094', 8, 0, 'INGLE', 'CHETAN', 'MAHADEV', 'SE', 'A', 'A2', '123', 0, '', NULL),
('14CE1095', 6, 0, 'GUPTA', 'SHUBHI', 'RAJENDRA', 'SE', 'A', 'A2', '123', 0, '', NULL),
('14CE1096', 24, 0, 'YADAV', 'TARESH', 'RAMESH', 'SE', 'B', 'B3', '123', 0, '', NULL),
('14CE1098', 10, 0, 'RAI', 'POOJA', 'KUMARI', 'SE', 'B', 'B2', '123', 0, '', NULL),
('14CE1099', 2, 0, 'GAIKWAD', 'SAURABH', 'SAMPATRAO', 'SE', 'A', 'A2', '123', 0, '', NULL),
('14CE1100', 5, 0, 'GUND', 'RESHAMA', 'SURESH', 'SE', 'A', 'A2', '123', 0, '', NULL),
('14CE1101', 19, 0, 'TARFE', 'AMEY', 'AVINASH', 'SE', 'B', 'B2', '123', 0, '', NULL),
('14CE1102', 1, 0, 'KHAN', 'SUMAIYA', 'ZOHEB', 'SE', 'B', 'B1', '123', 0, '', NULL),
('14CE1103', 13, 0, 'YADAV', 'SMITA', 'SATYAWAN', 'SE', 'A', 'A1', '123', 0, '', NULL),
('14CE1104', 26, 0, 'PRAJAPAT', 'VISHAL', 'MAHAVEER', 'SE', 'A', 'A1', '123', 0, '', NULL),
('14CE1105', 13, 0, 'PATIL', 'MANISH', 'ZUGLAL', 'SE', 'A', 'A2', '123', 0, '', NULL),
('14CE1106', 1, 0, 'ANSARI', 'MOHD', 'TAHA', 'SE', 'B', 'B3', '123', 0, '', NULL),
('14CE1107', 17, 0, 'SAKHARE', 'ADITI', 'DNYANESHWAR', 'SE', 'B', 'B2', '123', 0, '', NULL),
('14CE2001', 21, 0, 'KARANDIKAR', 'VISHWANATH', 'SUNIL', 'SE', 'B', 'B1', '123', 0, '', NULL),
('14CE2002', 6, 0, 'BISHT', 'SAURAB', 'MADAN', 'SE', 'A', 'A1', '123', 0, '', NULL),
('14CE2004', 8, 0, 'PRADHAN', 'TANVI', 'UDAY', 'SE', 'B', 'B2', '123', 0, '', NULL),
('14CE2005', 25, 0, 'SURYAVANSHI', 'SAMRUDDHI', 'ANIL', 'SE', 'B', 'B3', '123', 0, '', NULL),
('14CE2006', 18, 0, 'PARMAR', 'PRIYANKA', 'VS', 'SE', 'B', 'B1', '123', 0, '', NULL),
('14CE2007', 14, 0, 'SHENOY', 'PRATIK', 'SUNIL', 'SE', 'A', 'A2', '123', 0, '', NULL),
('14CE2008', 21, 0, 'KULKARNI', 'SAYALI', 'SATISH', 'SE', 'B', 'B2', '123', 0, '', NULL),
('14CE2009', 13, 0, 'RANE', 'SHUBHAM', 'NANDKUMAR', 'SE', 'B', 'B2', '123', 0, '', NULL),
('14CE2010', 4, 0, 'SHANBHAG', 'ADITYA', 'GAJANAN', 'SE', 'B', 'B3', '123', 0, '', NULL),
('14CE2012', 5, 0, 'BHOT', 'SHARDUL', 'ANIL', 'SE', 'A', 'A1', '123', 0, '', NULL),
('14CE2013', 16, 0, 'PALVE', 'SHREYAS', 'DHARMANATH', 'SE', 'B', 'B1', '123', 0, '', NULL),
('14CE2014', 2, 0, 'AINAPURAPU', 'VENKATA', 'ANURAG', 'SE', 'A', 'A1', '123', 0, '', NULL),
('14CE2015', 4, 0, 'BENDALE', 'RAHUL', 'PRAKASH', 'SE', 'A', 'A1', '123', 0, '', NULL),
('14CE2016', 12, 0, 'RANA', 'VINIT', 'ASHOK', 'SE', 'B', 'B2', '123', 0, '', NULL),
('14CE2017', 14, 0, 'ROKADE', 'AMIT', 'PADMAKAR', 'SE', 'B', 'B2', '123', 0, '', NULL),
('14CE2018', 8, 0, 'MUKADAM', 'RUZAIB', 'A', 'SE', 'B', 'B1', '123', 0, '', NULL),
('14CE2019', 10, 0, 'DESHMUKH', 'SHRAVANI', 'SHRIKANT', 'SE', 'A', 'A1', '123', 0, '', NULL),
('14CE2021', 3, 0, 'BAHTIA', 'GUNEESH', 'ARVINDER', 'SE', 'A', 'A1', '123', 0, '', NULL),
('14CE2022', 26, 0, 'PANNIPULATH', 'VIJESH', 'VIJAYAN', 'SE', 'B', 'B1', '123', 0, '', NULL),
('14CE2023', 4, 0, 'MANSOORI', 'ARSHI', 'ABDUL', 'SE', 'B', 'B1', '123', 0, '', NULL),
('14CE2024', 18, 0, 'KADAM', 'SANYUJA', 'SUNIL', 'SE', 'A', 'A2', '123', 0, '', NULL),
('14CE2025', 2, 0, 'BHOPE', 'MADHURA', 'HEMANT', 'SE', 'B', 'B3', '123', 0, '', NULL),
('14CE2026', 12, 0, 'PATIL', 'DHANASHREE', 'ANIL', 'SE', 'A', 'A1', '123', 0, '', NULL),
('14CE3001', 23, 0, 'SONWANE', 'MAYUR', 'DILIP', 'SE', 'B', 'B2', '123', 0, '', NULL),
('14CE3002', 22, 0, 'BARANWAL', 'SNEHA', 'GYANESHWAR', 'SE', 'B', 'B1', '123', 0, '', NULL),
('14CE3003', 17, 0, 'BANDODKAR', 'POOJA', 'ANIL', 'SE', 'A', 'A2', '123', 0, '', NULL),
('14CE3004', 23, 0, 'METKAR', 'SHRADDHA', 'CHANDRASHEKHAR', 'SE', 'B', 'B1', '123', 0, '', NULL),
('14CE3005', 23, 0, 'KARKERA', 'SOHAN', 'SADANAND', 'SE', 'B', 'B3', '123', 0, '', NULL),
('14CE3006', 25, 0, 'PHUTANE', 'ANIKET', 'DATTARAM', 'SE', 'B', 'B2', '123', 0, '', NULL),
('14CE3007', 21, 0, 'CHAVAN', 'KRUTANJALI', 'GURUNATH', 'SE', 'B', 'B3', '123', 0, '', NULL),
('14CE3008', 26, 0, 'JADHAV', 'ROHIT', 'SANJAY', 'SE', 'B', 'B2', '123', 0, '', NULL),
('14CE3009', 20, 0, 'GAWADE', 'MOHINI', 'RAMCHANDRA', 'SE', 'B', 'B3', '123', 0, '', NULL),
('14CE3010', 24, 0, 'PANZADE', 'RAKSHANDA', 'NIRANJAN', 'SE', 'B', 'B2', '123', 0, '', NULL),
('14CE3011', 25, 0, 'DOUND', 'KSHITIJA', 'NANDKISHOR', 'SE', 'B', 'B1', '123', 0, '', NULL),
('14CE3012', 22, 0, 'REVANDKAR', 'SURABHI', 'NARENDRA', 'SE', 'B', 'B3', '123', 0, '', NULL),
('14CE3013', 24, 0, 'AHIRE', 'SNEHAL', 'ANIL', 'SE', 'B', 'B1', '123', 0, '', NULL),
('14CE5001', 20, 0, 'TATALE', 'SWAPNIL', 'PRAKESH', 'TE', 'A', 'A1', '123', 0, '', NULL),
('14CE5002', 25, 0, 'BAGADE', 'AKSHAY', 'SUNIL', 'TE', 'A', 'A3', '123', 0, '', NULL),
('14CE5003', 22, 0, 'NALAWADE', 'PRANITA', 'SHRIKRISHNA', 'TE', 'B', 'B1', '123', 0, '', NULL),
('14CE5004', 20, 0, 'YENDHE', 'RAHUL', 'PRABHAKAR', 'TE', 'B', 'B3', '123', 0, '', NULL),
('14CE5005', 17, 0, 'WADKAR', 'SAMPADA', 'NARESH', 'TE', 'A', 'A1', '123', 0, '', NULL),
('14CE5007', 24, 0, 'PAWAR', 'SWETA', 'RAMDAS', 'TE', 'A', 'A2', '123', 0, '', NULL),
('14CE5008', 20, 0, 'KOLI', 'SAILI', 'JAGANATH', 'TE', 'A', 'A3', '123', 0, '', NULL),
('14CE5009', 23, 0, 'MANJREKAR', 'AKSHAY', 'AJIT', 'TE', 'B', 'B2', '123', 0, '', NULL),
('14CE5010', 21, 0, 'GAYKAR', 'AKANKSHA', 'SHANTARAM', 'TE', 'B', 'B3', '123', 0, '', NULL),
('14CE5011', 21, 0, 'PAWAR', 'NEHA', 'NARESH', 'TE', 'A', 'A1', '123', 0, '', NULL),
('14CE5012', 18, 0, 'THAKARE', 'PRATIKSHA', 'DEVDAS', 'TE', 'A', 'A1', '123', 0, '', NULL),
('14CE5013', 10, 0, 'LAD', 'ROHAN', 'HANMANT', 'TE', 'A', 'A2', '123', 0, '', NULL),
('14CE5014', 22, 0, 'CHOUDHARI', 'MAYUR', 'PRADIP', 'TE', 'A', 'A3', '123', 0, '', NULL),
('14CE5015', 24, 0, 'HANDE', 'PRATIKSHA', 'AVINASH', 'TE', 'A', 'A3', '123', 0, '', NULL),
('14CE5016', 21, 0, 'PATIL', 'AISHWARYA', 'BALVANT', 'TE', 'A', 'A3', '123', 0, '', NULL),
('14CE5017', 23, 0, 'PATIL', 'HEMITA', 'JEEVAN', 'TE', 'A', 'A3', '123', 0, '', NULL),
('14CE5018', 22, 0, 'CHAVAN', 'SHUBHAM', 'SHARAYU', 'TE', 'A', 'A1', '123', 0, '', NULL),
('14CE5019', 22, 0, 'SHINDE', 'ASHWINI', 'RAMCHANDRA', 'TE', 'A', 'A2', '123', 0, '', NULL),
('14CE5020', 19, 0, 'CHAVAN', 'SNEHAL', 'DADASAHEB', 'TE', 'A', 'A1', '123', 0, '', NULL),
('14CE5021', 21, 0, 'THAKUR', 'ROSHAN', 'SURESH', 'TE', 'A', 'A2', '123', 0, '', NULL),
('14CE5022', 23, 0, 'TELAVANE', 'SNEHAL', 'SANTOSH', 'TE', 'A', 'A2', '123', 0, '', NULL),
('14CE5023', 27, 0, 'ABHANG', 'RAKSHA', 'RAVINDRA', 'TE', 'A', 'A3', '123', 0, '', NULL),
('14CE5024', 26, 0, 'GORE', 'ABHISHEK', 'MADHUKAR', 'TE', 'A', 'A3', '123', 0, '', NULL),
('14CE5501', 12, 0, 'DINGANKAR', 'ADINA', 'ASLAM', 'TE', 'C', 'C1', '123', 0, '', NULL),
('14CE5502', 15, 0, 'DAREKAR', 'SHRUTI', 'ASHOK', 'TE', 'C', 'C1', '123', 0, '', NULL),
('14CE5503', 20, 0, 'NAUSHAD', 'SHUKOOR', 'JASEELA', 'TE', 'C', 'C2', '123', 0, '', NULL),
('14CE5504', 19, 0, 'TAKKEKAR', 'SUSHILKUMAR', 'ARVIND', 'TE', 'C', 'C3', '123', 0, '', NULL),
('14CE5505', 18, 0, 'ADKAR', 'KOMAL', 'DATTATRAY', 'TE', 'C', 'C2', '123', 0, '', NULL),
('14CE5506', 19, 0, 'KADU', 'AKSHAY', 'CHANDRAKANT', 'TE', 'C', 'C2', '123', 0, '', NULL),
('14CE5507', 22, 0, 'MANE', 'SWAPNALI', 'ANANDA', 'TE', 'C', 'C2', '123', 0, '', NULL),
('14CE5508', 20, 0, 'HARALE', 'DNYANESHWAR', 'PANJABRAO', 'TE', 'C', 'C3', '123', 0, '', NULL),
('14CE5509', 13, 0, 'BADHE', 'SNEHAL', 'JALINDAR', 'TE', 'C', 'C1', '123', 0, '', NULL),
('14CE5510', 14, 0, 'PARKHE', 'NISHIGANDHA', 'RAVINDRA', 'TE', 'C', 'C1', '123', 0, '', NULL),
('14CE5511', 18, 0, 'PATIL', 'PRAMINA', 'PRAKASH', 'TE', 'C', 'C3', '123', 0, '', NULL),
('14CE5512', 17, 0, 'MHATRE', 'SAURABH', 'NARESH', 'TE', 'C', 'C2', '123', 0, '', NULL),
('14CE5513', 17, 0, 'MISHRA', 'SHUBHAM', 'RAMSURAT', 'TE', 'C', 'C3', '123', 0, '', NULL),
('14CE5514', 21, 0, 'SANAS', 'SHRIDHAR', 'PANDURANG', 'TE', 'C', 'C3', '123', 0, '', NULL),
('14CE5515', 11, 0, 'DHANGAR', 'POOJA', 'SUBHASH', 'TE', 'C', 'C1', '123', 0, '', NULL),
('14CE5516', 21, 0, 'GAIKWAD', 'SAI', 'GAUTAM', 'TE', 'C', 'C2', '123', 0, '', NULL),
('14CE5517', 16, 0, 'THAKUR', 'SWETA', 'PRAKASH', 'TE', 'C', 'C1', '123', 0, '', NULL),
('14CE5518', 23, 0, 'PANCHAL', 'NEHA', 'SUNIL', 'TE', 'C', 'C3', '123', 0, '', NULL),
('14CE5519', 22, 0, 'PATIL', 'MOHINI', 'NAMDEV', 'TE', 'C', 'C3', '123', 0, '', NULL),
('14CE5520', 17, 0, 'GAIKWAD', 'PRASAD', 'RAMESH', 'TE', 'C', 'C1', '123', 0, '', NULL),
('14CE5521', 18, 0, 'JAGTAP', 'GAURAV', 'SANJAY', 'TE', 'C', 'C1', '123', 0, '', NULL),
('14CE5522', 23, 0, 'KALWANKAR', 'PRADIP', 'SHIVAJI', 'TE', 'C', 'C2', '123', 0, '', NULL),
('14CE7001', 22, 0, 'KAPLE', 'DIVYA', 'ARUN', 'SE', 'C', 'C2', '123', 0, '', NULL),
('14CE7002', 4, 0, 'CHAVAN', 'AKSHAY', 'BAJIRAO', 'SE', 'C', 'C1', '123', 0, '', NULL),
('14CE7003', 6, 0, 'SAWANT', 'NIKITA', 'MANISH', 'SE', 'C', 'C3', '123', 0, '', NULL),
('14CE7004', 21, 0, 'DHATRAK', 'SUKANYA', 'DHARMENDRA', 'SE', 'C', 'C2', '123', 0, '', NULL),
('14CE7005', 15, 0, 'WANKHEDE', 'SHUBHAM', 'SANJAY', 'SE', 'C', 'C3', '123', 0, '', NULL),
('14CE7006', 12, 0, 'PALEPWAD', 'SHUBHAM', 'SHUBHASH', 'SE', 'C', 'C2', '123', 0, '', NULL),
('14CE7007', 5, 0, 'KULKARNI', 'ANIRUDDHA', 'SHANT', 'SE', 'C', 'C2', '123', 0, '', NULL),
('14CE7008', 13, 0, 'THAKARE', 'SHUBHAM', 'SATISH', 'SE', 'C', 'C3', '123', 0, '', NULL),
('14CE7010', 3, 0, 'CHAUDHARI', 'CHINMAY', 'RAJENDRA', 'SE', 'C', 'C1', '123', 0, '', NULL),
('14CE7011', 4, 0, 'RAO', 'SWATI', 'ANAND', 'SE', 'C', 'C3', '123', 0, '', NULL),
('14CE7012', 11, 0, 'TAMBE', 'ANJALI', 'RAJEEV', 'SE', 'C', 'C3', '123', 0, '', NULL),
('14CE7013', 14, 0, 'PARAB', 'SHARDUL', 'SANTOSH', 'SE', 'C', 'C2', '123', 0, '', NULL),
('14CE7014', 7, 0, 'SHANWARE', 'VARADA', 'VIVEK', 'SE', 'C', 'C3', '123', 0, '', NULL),
('14CE7015', 16, 0, 'PAWAR', 'PRIYANKA', 'SHIVAJI', 'SE', 'C', 'C2', '123', 0, '', NULL),
('14CE7016', 5, 0, 'SABALE', 'PRATIK', 'PRAKASH', 'SE', 'C', 'C3', '123', 0, '', NULL),
('14CE7017', 8, 0, 'MAKWANA', 'DEEP', 'SURESH', 'SE', 'C', 'C1', '123', 0, '', NULL),
('14CE7021', 16, 0, 'YADAV', 'ANKUSH', 'RAJPAT', 'SE', 'C', 'C3', '123', 0, '', NULL),
('14CE7022', 25, 0, 'BAGLA', 'KARISHMA', 'RAJEEV', 'SE', 'C', 'C3', '123', 0, '', NULL),
('14CE7023', 3, 0, 'KHOT', 'AAKASH', 'KISHORE', 'SE', 'C', 'C2', '123', 0, '', NULL),
('14CE7024', 1, 0, 'BHARAMBE', 'PRAJWAL', 'PRADEEP', 'SE', 'C', 'C1', '123', 0, '', NULL),
('14CE7025', 2, 0, 'KHANDELWAL', 'TARUN', 'KUMAR', 'SE', 'C', 'C2', '123', 0, '', NULL),
('14CE7027', 20, 0, 'BASU', 'THAKUR', 'ANIT', 'SE', 'C', 'C2', '123', 0, '', NULL),
('14CE7028', 6, 0, 'GURAV', 'RUCHA', 'SUDHIR', 'SE', 'C', 'C1', '123', 0, '', NULL),
('14CE7029', 10, 0, 'MISHRA', 'ARVIND', 'KUMAR', 'SE', 'C', 'C2', '123', 0, '', NULL),
('14CE7030', 10, 0, 'SODHIA', 'DIPASHA', 'DILEEP', 'SE', 'C', 'C3', '123', 0, '', NULL),
('14CE7031', 4, 0, 'KINAGE', 'AAKASH', 'RAJENDRA', 'SE', 'C', 'C2', '123', 0, '', NULL),
('14CE7032', 12, 0, 'TAWARE', 'SMIT', 'SATISH', 'SE', 'C', 'C3', '123', 0, '', NULL),
('14CE7033', 21, 0, 'DUDWADKAR', 'PRANJALI', 'SUNIL', 'SE', 'C', 'C3', '123', 0, '', NULL),
('14CE7035', 25, 0, 'Patil', 'Bhushan', 'Rajendra', 'SE', 'C', 'C2', '123', 0, '', NULL),
('14CE7036', 2, 0, 'BHOYAR', 'ANMOL', 'PURUSHOTTAM', 'SE', 'C', 'C1', '123', 0, '', NULL),
('14CE7037', 24, 0, 'VENGURLEKAR', 'GAURI', 'DHARMENDRA', 'SE', 'C', 'C2', '123', 0, '', NULL),
('14CE7039', 15, 0, 'PATIL', 'NEHA', 'SANJAY', 'SE', 'C', 'C2', '123', 0, '', NULL),
('14CE7040', 23, 0, 'SHINDE', 'ANUJA', 'ARUN', 'SE', 'C', 'C3', '123', 0, '', NULL),
('14CE7041', 8, 0, 'SHETE', 'AADITYA', 'PRIYADARSHAN', 'SE', 'C', 'C3', '123', 0, '', NULL),
('14CE7042', 24, 0, 'SUTAR', 'SHRADHANJALI', 'ASHOK', 'SE', 'C', 'C3', '123', 0, '', NULL),
('14CE7043', 7, 0, 'MANTRI', 'NIRAJ', 'KAMAL', 'SE', 'C', 'C2', '123', 0, '', NULL),
('14CE7044', 3, 0, 'KOTIAN', 'MAYUR', 'PRADEEP', 'SE', 'C', 'C3', '123', 0, '', NULL),
('14CE7045', 7, 0, 'KARKERA', 'VAISHNAVI', 'VINOD', 'SE', 'C', 'C1', '123', 0, '', NULL),
('14CE7046', 18, 0, 'THACKER', 'SAGAR', 'JITENDRA', 'SE', 'C', 'C2', '123', 0, '', NULL),
('14CE7047', 2, 0, 'KANWAR', 'PALAKH', 'NARESH', 'SE', 'C', 'C3', '123', 0, '', NULL),
('14CE7048', 1, 0, 'JOSHI', 'CHARULATA', 'KRISHNANAND', 'SE', 'C', 'C3', '123', 0, '', NULL),
('14CE7501', 18, 0, 'CHAVAN', 'TANVI', 'ARUN', 'SE', 'C', 'C3', '123', 0, '', NULL),
('14CE7502', 17, 0, 'SHARDA', 'LALIMA', 'MUKESH', 'SE', 'C', 'C3', '123', 0, '', NULL),
('14CE7503', 19, 0, 'SURYAWANSHI', 'KSHITIJA', 'PANDURANG', 'SE', 'C', 'C3', '123', 0, '', NULL),
('14CE7504', 9, 0, 'JOSHI', 'PUSHKARAJ', 'VIRENDRA', 'SE', 'C', 'C1', '123', 0, '', NULL),
('14CE7505', 10, 0, 'KOLSEKAR', 'SIDDHESH', 'SANJAY', 'SE', 'C', 'C1', '123', 0, '', NULL),
('14CE7506', 12, 0, 'MAHANA', 'DEEPAK', 'ANANT', 'SE', 'C', 'C1', '123', 0, '', NULL),
('14CE7507', 20, 0, 'PATIL', 'HIMANSHI', 'VASANT', 'SE', 'C', 'C3', '123', 0, '', NULL),
('14CE8001', 5, 0, 'DALVI', 'NEHA', 'SHRIKRISHNA', 'SE', 'C', 'C1', '123', 0, '', NULL),
('14CE8002', 9, 0, 'SINGH', 'NEIL', 'RAVINDRA', 'SE', 'C', 'C3', '123', 0, '', NULL),
('14CE8003', 9, 0, 'MIRASHI', 'NIRANJAN', 'ABHIJEET', 'SE', 'C', 'C2', '123', 0, '', NULL),
('14CE8004', 17, 0, 'POOJARY', 'SHREYA', 'HARISH', 'SE', 'C', 'C2', '123', 0, '', NULL),
('14CE8005', 11, 0, 'MOHAPATRA', 'SIDDHANT', 'BIJAYKUMAR', 'SE', 'C', 'C2', '123', 0, '', NULL),
('14CE8006', 8, 0, 'MENGADE', 'SURAJ', 'RAJENDRA', 'SE', 'C', 'C2', '123', 0, '', NULL),
('14CE8007', 6, 0, 'MAHADIK', 'GAURAV', 'LAXMAN', 'SE', 'C', 'C2', '123', 0, '', NULL),
('14CE8008', 22, 0, 'GAMARE', 'PRANJAL', 'PRASHANT', 'SE', 'C', 'C3', '123', 0, '', NULL),
('14CE8009', 23, 0, 'SHENDYE', 'MEENAKSHI', 'RAVINDRA', 'SE', 'C', 'C2', '123', 0, '', NULL),
('14CE8010', 14, 0, 'THATTE', 'SARVESH', 'SATISH', 'SE', 'C', 'C3', '123', 0, '', NULL),
('14CE8012', 1, 0, 'JAIN', 'SAURABH', 'MANOJ', 'SE', 'C', 'C2', '123', 0, '', NULL),
('14CE8013', 24, 0, 'GHOSH', 'SONIA', 'RAGHUNATH', 'SE', 'C', 'C1', '123', 0, '', NULL),
('14CE8015', 13, 0, 'PARAB', 'ABHISHEK', 'AJIT', 'SE', 'C', 'C2', '123', 0, '', NULL),
('14ET1067', 5, 0, 'patil', 'Rahul', 'ram', 's.e.', 'a', 'a2', '123', 2147483647, 'RAHULRAMPATIL@GMAIL.COM', ''),
('15CE5001', 16, 0, 'SAINDANE', 'SWETA', 'SHRIRAM', 'SE', 'A', 'A3', '123', 0, '', NULL),
('15CE5002', 2, 0, 'SHAIKH', 'SIBA', 'HARUN', 'SE', 'A', 'A3', '123', 0, '', NULL),
('15CE5003', 14, 0, 'PATIL', 'VINAY', 'SUBHASH', 'SE', 'A', 'A3', '123', 0, '', NULL),
('15CE5004', 8, 0, 'GAVHANE', 'SUPRASAD', 'YASHAVANT', 'SE', 'A', 'A3', '123', 0, '', NULL),
('15CE5005', 17, 0, 'SINGH', 'PRAHLAD', 'DHRUVDEV', 'SE', 'A', 'A3', '123', 0, '', NULL),
('15CE5006', 18, 0, 'TANDALE', 'PRIYANKA', 'GANGARAM', 'SE', 'A', 'A3', '123', 0, '', NULL),
('15CE5007', 9, 0, 'CHAVAN', 'ANIKET', 'MOHAN', 'SE', 'A', 'A3', '123', 0, '', NULL),
('15CE5008', 1, 0, 'JADHAV', 'SACHIN', 'BADRINARAYAN', 'SE', 'A', 'A3', '123', 0, '', NULL);
INSERT INTO `student` (`rollno`, `Serial_no`, `sem`, `Last_name`, `First_name`, `Middle_name`, `year`, `division`, `batch`, `password`, `Phone_no`, `email`, `otp`) VALUES
('15CE5009', 3, 0, 'MEMON', 'NABIL', 'ZIKAR', 'SE', 'A', 'A3', '123', 0, '', NULL),
('15CE5010', 5, 0, 'GHARAT', 'ANJALI', 'PANDHARINATH', 'SE', 'A', 'A3', '123', 0, '', NULL),
('15CE5011', 4, 0, 'BHALDARE', 'MANSI', 'MAHENDRA', 'SE', 'A', 'A3', '123', 0, '', NULL),
('15CE5012', 11, 0, 'DEORE', 'HARSHADA', 'PANDIT', 'SE', 'A', 'A3', '123', 0, '', NULL),
('15CE5013', 12, 0, 'MHATRE', 'LEKHA', 'ANANTA', 'SE', 'A', 'A3', '123', 0, '', NULL),
('15CE5014', 13, 0, 'BORSE', 'UTKARSHA', 'ASHOK', 'SE', 'A', 'A3', '123', 0, '', NULL),
('15CE5015', 7, 0, 'BHOIR', 'JUILEE', 'NARESH', 'SE', 'A', 'A3', '123', 0, '', NULL),
('15CE5016', 15, 0, 'BAUSKAR', 'RUTUJA', 'SHEKHAR', 'SE', 'A', 'A3', '123', 0, '', NULL),
('15CE5017', 19, 0, 'TARALEKAR', 'PRAJAKTA', 'RAJARAM', 'SE', 'A', 'A3', '123', 0, '', NULL),
('15CE5018', 10, 0, 'KALE', 'NIKITA', 'MAHENDRA', 'SE', 'A', 'A3', '123', 0, '', NULL),
('15CE5019', 20, 0, 'TUPE', 'ASHWINI', 'MAHADEV', 'SE', 'A', 'A3', '123', 0, '', NULL),
('15CE5020', 6, 0, 'MHATRE', 'AKASH', 'MAHESH', 'SE', 'A', 'A3', '123', 0, '', NULL),
('15CE5021', 21, 0, 'THAKUR', 'CHETAN', 'SANJAY', 'SE', 'A', 'A3', '123', 0, '', NULL),
('15CE5023', 23, 0, 'SILVERI', 'PRIYANKA', 'NAGESH', 'SE', 'A', 'A3', '123', 0, '', NULL),
('15CE5024', 22, 0, 'RAI', 'PRIYA', 'SURENDRAKUMAR', 'SE', 'A', 'A3', '123', 0, '', NULL),
('15CE5501', 15, 0, 'TADKE', 'ASHISH', 'SANDEEP', 'SE', 'C', 'C1', '123', 0, '', NULL),
('15CE5502', 14, 0, 'NAGPURE', 'SHRUTI', 'CHANDRAKANT', 'SE', 'C', 'C1', '123', 0, '', NULL),
('15CE5503', 17, 0, 'MANE', 'TWINKLE', 'JALINDAR', 'SE', 'C', 'C1', '123', 0, '', NULL),
('15CE5504', 16, 0, 'KAVALE', 'SHRUTI', 'VASANT', 'SE', 'C', 'C1', '123', 0, '', NULL),
('15CE5505', 19, 0, 'GAIKWAD', 'SONALI', 'KAILAS', 'SE', 'C', 'C1', '123', 0, '', NULL),
('15CE5506', 18, 0, 'PATIL', 'TEJAL', 'TULSHIRAM', 'SE', 'C', 'C1', '123', 0, '', NULL),
('15CE5507', 13, 0, 'SHAIKH', 'SHAHABAJ', 'MOUJAALI', 'SE', 'C', 'C1', '123', 0, '', NULL),
('15CE5508', 21, 0, 'SADAPHULE', 'AAKASH', 'ANKUSH', 'SE', 'C', 'C1', '123', 0, '', NULL),
('15CE5509', 22, 0, 'AWATE', 'ANAGHA', 'DEEPAK', 'SE', 'C', 'C1', '123', 0, '', NULL),
('15CE5510', 20, 0, 'AHIRE', 'SACHIN', 'PANDURANG', 'SE', 'C', 'C1', '123', 0, '', NULL),
('15CE5511', 23, 0, 'BANIK', 'PRACHI', 'SHANKAR', 'SE', 'C', 'C1', '123', 0, '', NULL),
('15CE5512', 25, 4, 'DIGHE', 'OMKAR', 'RAJENDRA', 'SE', 'C', 'C1', '123', 0, '', NULL);

-- --------------------------------------------------------

--
-- Table structure for table `student_answers`
--

CREATE TABLE `student_answers` (
  `test_id` int(11) NOT NULL,
  `roll_no` varchar(20) NOT NULL,
  `question_no` int(11) NOT NULL,
  `answer` varchar(20) NOT NULL
) ENGINE=InnoDB DEFAULT CHARSET=latin1;

--
-- Dumping data for table `student_answers`
--

INSERT INTO `student_answers` (`test_id`, `roll_no`, `question_no`, `answer`) VALUES
(1, '10CE1000', 0, 'C'),
(1, '10CE1000', 1, 'A'),
(1, '13CE1048', 0, 'B'),
(1, '13CE1048', 1, 'B'),
(2, '10CE1000', 0, 'A'),
(2, '10CE1000', 1, 'B'),
(2, '10CE1000', 2, 'A'),
(2, '13CE1048', 0, 'A'),
(2, '13CE1048', 1, 'A'),
(2, '13CE1048', 2, 'A'),
(3, '10CE1000', 0, 'A'),
(3, '10CE1000', 1, 'A'),
(3, '13CE1048', 0, 'A'),
(3, '13CE1048', 1, 'A'),
(4, '10CE1000', 0, 'A'),
(4, '10CE1000', 1, 'B'),
(4, '10CE1000', 2, 'A'),
(4, '13CE1048', 0, 'A'),
(4, '13CE1048', 1, 'B'),
(4, '13CE1048', 2, 'C'),
(5, '13CE1048', 0, 'C'),
(5, '13CE1048', 1, 'A'),
(6, '15CE5512', 0, 'A'),
(6, '15CE5512', 1, 'A');

-- --------------------------------------------------------

--
-- Table structure for table `student_marks`
--

CREATE TABLE `student_marks` (
  `roll_no` varchar(20) NOT NULL,
  `test_id` int(11) NOT NULL,
  `marks_obtained` int(11) NOT NULL,
  `marks_total` int(11) NOT NULL,
  `timestamp_attempted` datetime NOT NULL
) ENGINE=InnoDB DEFAULT CHARSET=latin1;

--
-- Dumping data for table `student_marks`
--

INSERT INTO `student_marks` (`roll_no`, `test_id`, `marks_obtained`, `marks_total`, `timestamp_attempted`) VALUES
('10CE1000', 1, 2, 2, '2016-07-09 09:53:02'),
('10CE1000', 2, 2, 3, '2016-07-09 10:13:17'),
('10CE1000', 3, 2, 2, '2016-07-09 10:03:18'),
('10CE1000', 4, 3, 3, '2016-07-09 11:30:00'),
('13CE1048', 1, 0, 2, '2016-07-10 01:03:35'),
('13CE1048', 2, 1, 3, '2016-07-10 01:03:45'),
('13CE1048', 3, 2, 2, '2016-07-10 01:03:58'),
('13CE1048', 4, 2, 3, '2016-07-10 01:04:11'),
('13CE1048', 5, 1, 2, '2016-07-10 09:17:33'),
('15CE5512', 6, 0, 2, '2016-07-10 11:04:52');

-- --------------------------------------------------------

--
-- Table structure for table `test_identification_table`
--

CREATE TABLE `test_identification_table` (
  `test_id` int(11) NOT NULL,
  `sem` int(11) NOT NULL,
  `division` varchar(10) NOT NULL,
  `subject_code` varchar(20) NOT NULL,
  `no_of_questions` int(11) NOT NULL,
  `time_alloted` int(11) NOT NULL,
  `timestamp_test_given` timestamp NOT NULL DEFAULT CURRENT_TIMESTAMP ON UPDATE CURRENT_TIMESTAMP,
  `timestamp_test_open` timestamp NOT NULL DEFAULT '0000-00-00 00:00:00'
) ENGINE=MyISAM DEFAULT CHARSET=latin1;

--
-- Dumping data for table `test_identification_table`
--

INSERT INTO `test_identification_table` (`test_id`, `sem`, `division`, `subject_code`, `no_of_questions`, `time_alloted`, `timestamp_test_given`, `timestamp_test_open`) VALUES
(7, 6, 'ALL', 'CPC601', 1, 80, '2016-07-10 06:58:19', '2016-07-10 06:58:19'),
(6, 4, 'ALL', 'CSC405', 2, 40, '2016-07-10 05:32:37', '2016-07-10 05:32:37'),
(5, 6, 'ALL', 'CPC603', 2, 20, '2016-07-10 03:46:20', '2016-07-10 03:46:20'),
(4, 6, 'ALL', 'CPC601', 3, 90, '2016-07-09 05:52:23', '2016-07-09 05:52:23'),
(3, 6, 'ALL', 'CPC601', 2, 90, '2016-07-09 04:32:55', '2016-07-09 04:32:55'),
(2, 6, 'ALL', 'CPC601', 3, 10, '2016-07-09 04:27:40', '2016-07-09 04:27:40'),
(1, 6, 'ALL', 'CPC601', 2, 80, '2016-07-09 04:22:30', '2016-07-09 04:22:30'),
(8, 6, 'ALL', 'CPC602', 1, 20, '2017-02-02 05:31:44', '2017-02-02 05:31:44'),
(9, 6, 'ALL', 'CPC602', 1, 20, '2017-02-21 23:44:50', '2017-02-21 23:44:50'),
(10, 4, 'ALL', 'CSC404', 1, 10, '2017-02-21 23:47:45', '2017-02-21 23:47:45'),
(11, 6, 'ALL', 'CPC602', 2, 20, '2017-02-22 03:59:46', '2017-02-22 03:59:46');

-- --------------------------------------------------------

--
-- Table structure for table `test_table`
--

CREATE TABLE `test_table` (
  `test_id` int(11) NOT NULL,
  `question_no` int(11) NOT NULL,
  `question` varchar(500) NOT NULL,
  `a` varchar(500) NOT NULL,
  `b` varchar(500) NOT NULL,
  `c` varchar(500) NOT NULL,
  `d` varchar(500) NOT NULL,
  `e` varchar(500) NOT NULL,
  `correct_option` varchar(50) NOT NULL
) ENGINE=MyISAM DEFAULT CHARSET=latin1;

--
-- Dumping data for table `test_table`
--

INSERT INTO `test_table` (`test_id`, `question_no`, `question`, `a`, `b`, `c`, `d`, `e`, `correct_option`) VALUES
(5, 0, 'DDB', 'a', 'b', 'c', 'd', 'e', 'A'),
(5, 1, 'DDB@', 'a', 'b', 'b', 'kn', 'k', 'A'),
(6, 0, '1', '3', '2', '1', '1', '1', 'B'),
(4, 1, 'hgvhg', 'vghv', 'gh', 'vjh', 'bk', 'jbhkj,', 'B'),
(4, 2, 'hjbh', 'v', 'hjbhjk', 'bhjkn', 'jkn', 'jkn', 'A'),
(4, 0, 'jhb', 'jhb', 'jhmb', 'hj', 'hjb', 'hjb', 'A'),
(3, 1, '90', '90', '90', '909', '0', '9', 'A'),
(3, 0, '80', '90', '90', '90', '90', '90', 'A'),
(2, 2, '3', '1', '2', '1', '2', '1', 'C'),
(2, 1, 'PQr', '2', 'b', 'c', 'd', 'ans25', 'B'),
(2, 0, '1', '1', 'q', '1', 'D', 'ans15', 'A'),
(1, 1, 'PQr', '2', 'b', 's', '2', 'ans25', 'A'),
(1, 0, '1', '1', '1', '1', 'D', 'ans15', 'C'),
(6, 1, 'nn', 'i', 'kjnkjn', 'kjn', 'kjn', 'kjnkjn', 'D'),
(7, 0, ' What<br> is <br>macroin<br>system', '1', '2', '3', '4', '4', 'C'),
(8, 0, 'sad', 'asd', 'asdasd', 'asdsad', 'xzf', 'zxfxf', 'C'),
(9, 0, 'ddddd', 'sw', 'swe', 'sdd', 'sdede', 'ddde', 'A'),
(10, 0, 'ggf', 'fgf', 'fgf', 'ffgf', 'ffgf', 'ffggf', 'A'),
(11, 0, 'sdsdsads', 'kjk', 'sadsad20', 'jhgjhg', 'jhgjhg', 'jhgjg', 'A'),
(11, 1, 'hjgjhg', 'jhgjhgj', 'jhgjhgjhg', 'jgjhgjhg', 'jgjhgjhgjh', 'jhgjhgjhg', 'C');

--
-- Indexes for dumped tables
--

--
-- Indexes for table `admin_details`
--
ALTER TABLE `admin_details`
  ADD PRIMARY KEY (`username`);

--
-- Indexes for table `course`
--
ALTER TABLE `course`
  ADD PRIMARY KEY (`Subject_code`),
  ADD KEY `Year` (`Year`);

--
-- Indexes for table `coursemapping`
--
ALTER TABLE `coursemapping`
  ADD UNIQUE KEY `Sdrn_2` (`Sdrn`,`Subject_code`,`Year`,`Division`),
  ADD KEY `Sdrn` (`Sdrn`),
  ADD KEY `Subject_code` (`Subject_code`),
  ADD KEY `Year` (`Year`),
  ADD KEY `Division` (`Division`);

--
-- Indexes for table `faculty`
--
ALTER TABLE `faculty`
  ADD PRIMARY KEY (`Sdrn`);

--
-- Indexes for table `fe_educational_details`
--
ALTER TABLE `fe_educational_details`
  ADD UNIQUE KEY `roll_no` (`roll_no`);

--
-- Indexes for table `student`
--
ALTER TABLE `student`
  ADD PRIMARY KEY (`rollno`),
  ADD KEY `Serial_no_index` (`Serial_no`);

--
-- Indexes for table `student_answers`
--
ALTER TABLE `student_answers`
  ADD UNIQUE KEY `test_id` (`test_id`,`roll_no`,`question_no`),
  ADD UNIQUE KEY `test_id_2` (`test_id`,`roll_no`,`question_no`);

--
-- Indexes for table `student_marks`
--
ALTER TABLE `student_marks`
  ADD UNIQUE KEY `roll_no` (`roll_no`,`test_id`);

--
-- Indexes for table `test_identification_table`
--
ALTER TABLE `test_identification_table`
  ADD PRIMARY KEY (`test_id`);

--
-- Indexes for table `test_table`
--
ALTER TABLE `test_table`
  ADD UNIQUE KEY `test_id_2` (`test_id`,`question`);

/*!40101 SET CHARACTER_SET_CLIENT=@OLD_CHARACTER_SET_CLIENT */;
/*!40101 SET CHARACTER_SET_RESULTS=@OLD_CHARACTER_SET_RESULTS */;
/*!40101 SET COLLATION_CONNECTION=@OLD_COLLATION_CONNECTION */;
